{
    "name": "root",
    "gauges": {
        "Spy.Policy.Entropy.mean": {
            "value": 1.0331441164016724,
            "min": 0.5377740263938904,
            "max": 1.5934652090072632,
            "count": 171
        },
        "Spy.Environment.Lesson.SimplePathFinding.mean": {
            "value": 8.0,
            "min": 0.0,
            "max": 8.0,
            "count": 171
        },
        "Spy.Policy.ExtrinsicValueEstimate.mean": {
            "value": 0.16068100929260254,
            "min": -0.007404033560305834,
            "max": 0.6694613099098206,
            "count": 171
        },
        "Spy.Policy.CuriosityValueEstimate.mean": {
            "value": 0.46782493591308594,
            "min": 0.41309046745300293,
            "max": 4.409528732299805,
            "count": 171
        },
        "Spy.Environment.EpisodeLength.mean": {
            "value": 328.4574468085106,
            "min": 50.916256157635466,
            "max": 1141.655172413793,
            "count": 171
        },
        "Spy.Losses.ValueLoss.mean": {
            "value": 0.0022924181539565325,
            "min": 0.0015356113435700536,
            "max": 1.3983579874038696,
            "count": 171
        },
        "Spy.Losses.PolicyLoss.mean": {
            "value": 0.42960330843925476,
            "min": 0.363783061504364,
            "max": 0.6043250560760498,
            "count": 171
        },
        "Spy.Policy.LearningRate.mean": {
            "value": 0.0001465700042899698,
            "min": 0.0001465700042899698,
            "max": 0.0002994972455780953,
            "count": 171
        },
        "Spy.Policy.Epsilon.mean": {
            "value": 0.14885665476322174,
            "min": 0.14885665476322174,
            "max": 0.19983239471912384,
            "count": 171
        },
        "Spy.Policy.Beta.mean": {
            "value": 0.004890779033303261,
            "min": 0.004890779033303261,
            "max": 0.009983259253203869,
            "count": 171
        },
        "Spy.Losses.CuriosityForwardLoss.mean": {
            "value": 0.018995704129338264,
            "min": 0.013517791405320168,
            "max": 0.20906037092208862,
            "count": 171
        },
        "Spy.Losses.CuriosityInverseLoss.mean": {
            "value": 0.0370236337184906,
            "min": 0.01942032389342785,
            "max": 0.8137964010238647,
            "count": 171
        },
        "Spy.Environment.CumulativeReward.mean": {
            "value": 0.7316673609771227,
            "min": 0.08425514194472082,
            "max": 0.9683689320984395,
            "count": 171
        },
        "Spy.Policy.ExtrinsicReward.mean": {
            "value": 0.7316673609771227,
            "min": 0.08425514194472082,
            "max": 0.9683689320984395,
            "count": 171
        },
        "Spy.Policy.CuriosityReward.mean": {
            "value": 1.4610727022647074,
            "min": 0.25927668680755284,
            "max": 34.57645344323125,
            "count": 171
        },
        "Spy.IsTraining.mean": {
            "value": 1.0,
            "min": 1.0,
            "max": 1.0,
            "count": 171
        }
    },
    "metadata": {
        "timer_format_version": "0.1.0",
        "start_time_seconds": "1597942993",
        "python_version": "3.8.3 (tags/v3.8.3:6f8c832, May 13 2020, 22:37:02) [MSC v.1924 64 bit (AMD64)]",
        "command_line_arguments": "C:\\Users\\User\\AppData\\Local\\Programs\\Python\\Python38\\Scripts\\mlagents-learn ../config/ppo/spy_config_cnn_simple_pathfinding_01.yaml --run-id=spy_config_cnn_simple_pathfinding_01",
        "mlagents_version": "0.18.0",
        "mlagents_envs_version": "0.18.0",
        "communication_protocol_version": "1.0.0",
        "tensorflow_version": "2.2.0",
        "end_time_seconds": "1597955754"
    },
    "total": 12760.381339700001,
    "count": 1,
    "self": 0.010575600002994179,
    "children": {
        "run_training.setup": {
            "total": 0.0199117000000002,
            "count": 1,
            "self": 0.0199117000000002
        },
        "TrainerController.start_learning": {
            "total": 12760.350852399999,
            "count": 1,
            "self": 131.35143710044213,
            "children": {
                "TrainerController._reset_env": {
                    "total": 6.015093299999876,
                    "count": 9,
                    "self": 6.015093299999876
                },
                "TrainerController.advance": {
                    "total": 12620.272088399559,
                    "count": 394652,
                    "self": 8.058247800143363,
                    "children": {
                        "env_step": {
                            "total": 12612.213840599416,
                            "count": 394652,
                            "self": 11302.270426499677,
                            "children": {
                                "SubprocessEnvManager._take_step": {
                                    "total": 1305.2458981999619,
                                    "count": 394652,
                                    "self": 18.153961399628542,
                                    "children": {
                                        "NNPolicy.evaluate": {
                                            "total": 1287.0919368003333,
                                            "count": 368502,
                                            "self": 1287.0919368003333
                                        }
                                    }
                                },
                                "workers": {
                                    "total": 4.697515899776599,
                                    "count": 394651,
                                    "self": 0.0,
                                    "children": {
                                        "worker_root": {
                                            "total": 12740.039607099956,
                                            "count": 394651,
                                            "is_parallel": true,
                                            "self": 4290.316405100473,
                                            "children": {
                                                "steps_from_proto": {
                                                    "total": 0.007418100000249339,
                                                    "count": 9,
                                                    "is_parallel": true,
                                                    "self": 0.0013393999988791094,
                                                    "children": {
                                                        "_process_vector_observation": {
                                                            "total": 0.00607870000137023,
                                                            "count": 36,
                                                            "is_parallel": true,
                                                            "self": 0.00607870000137023
                                                        }
                                                    }
                                                },
                                                "UnityEnvironment.step": {
                                                    "total": 8449.715783899483,
                                                    "count": 394651,
                                                    "is_parallel": true,
                                                    "self": 32.07584500003213,
                                                    "children": {
                                                        "UnityEnvironment._generate_step_input": {
                                                            "total": 114.72005389995428,
                                                            "count": 394651,