{
    "name": "root",
    "metadata": {
        "timer_format_version": "0.1.0",
        "start_time_seconds": "1599219566",
        "python_version": "3.8.3 (tags/v3.8.3:6f8c832, May 13 2020, 22:37:02) [MSC v.1924 64 bit (AMD64)]",
        "command_line_arguments": "C:\\Users\\User\\AppData\\Local\\Programs\\Python\\Python38\\Scripts\\mlagents-learn ../config/ppo/patrol_config.yaml --run-id=patrol_randomised_01",
        "mlagents_version": "0.18.0",
        "mlagents_envs_version": "0.18.0",
        "communication_protocol_version": "1.0.0",
        "tensorflow_version": "2.2.0",
        "end_time_seconds": "1599219660"
    },
    "total": 93.4225714,
    "count": 1,
    "self": 0.0035682999999977483,
    "children": {
        "run_training.setup": {
            "total": 0.0048335999999999935,
            "count": 1,
            "self": 0.0048335999999999935
        },
        "TrainerController.start_learning": {
            "total": 93.4141695,
            "count": 1,
            "self": 2.4114197000001667,
            "children": {
                "TrainerController._reset_env": {
                    "total": 5.1618865,
                    "count": 1,
                    "self": 5.1618865
                },
                "TrainerController.advance": {
                    "total": 84.51783709999982,
                    "count": 2434,
                    "self": 0.025361099999784642,
                    "children": {
                        "env_step": {
                            "total": 84.49247600000004,
                            "count": 2434,
                            "self": 80.13156140000031,
                            "children": {
                                "SubprocessEnvManager._take_step": {
                                    "total": 4.334584699999738,
                                    "count": 2434,
                                    "self": 0.08299579999971662,
                                    "children": {
                                        "NNPolicy.evaluate": {
                                            "total": 4.251588900000021,
                                            "count": 2434,
                                            "self": 4.251588900000021
                                        }
                                    }
                                },
                                "workers": {
                                    "total": 0.026329899999989692,
                                    "count": 2433,
                                    "self": 0.0,
                                    "children": {
                                        "worker_root": {
                                            "total": 86.37468850000008,
                                            "count": 2433,
                                            "is_parallel": true,
                                            "self": 9.6614069000004,
                                            "children": {
                                                "steps_from_proto": {
                                                    "total": 0.0009712999999997862,
                                                    "count": 1,
                                                    "is_parallel": true,
                                                    "self": 0.00018439999999930734,
                                                    "children": {
                                                        "_process_vector_observation": {
                                                            "total": 0.0007869000000004789,
                                                            "count": 6,
                                                            "is_parallel": true,
                                                            "self": 0.0007869000000004789
                                                        }
                                                    }
                                                },
                                                "UnityEnvironment.step": {
                                                    "total": 76.71231029999967,
                                                    "count": 2433,
                                                    "is_parallel": true,
                                                    "self": 0.1861611000003478,
                                                    "children": {
                                                        "UnityEnvironment._generate_step_input": {
                                                            "total": 0.6270876999995743,
                                                            "count": 2433,
                                                            "is_parallel": true,
                                                            "self": 0.6270876999995743
                                                        },
                                                        "communicator.exchange": {
                                                            "total": 73.83158449999983,
                                                            "count": 2433,
                                                            "is_parallel": true,
                                                            "self": 73.83158449999983
                                                        },
                                                        "steps_from_proto": {
                                                            "total": 2.0674769999999096,
                                                            "count": 2433,
                                                            "is_parallel": true,
                                                            "self": 0.3245474999997091,
                                                            "children": {
                                                                "_process_vector_observation": {
                                                                    "total": 1.7429295000002005,
                                                                    "count": 14598,
                                                                    "is_parallel": true,
                                                                    "self": 1.7429295000002005
                                                                }
                                                            }
                                                        }
                                                    }
                                                }
                                            }
                                        }
                                    }
                                }
                            }
                        }
                    }
                },
                "trainer_threads": {
                    "total": 2.9500000010784788e-05,
                    "count": 1,
                    "self": 2.9500000010784788e-05,
                    "children": {
                        "thread_root": {
                            "total": 0.0,
                            "count": 0,
                            "is_parallel": true,
                            "self": 0.0,
                            "children": {
                                "trainer_advance": {
                                    "total": 85.02594149999977,
                                    "count": 5016,
                                    "is_parallel": true,
                                    "self": 0.14943599999971013,
                                    "children": {
                                        "process_trajectory": {
                                            "total": 78.43802110000007,
                                            "count": 5016,
                                            "is_parallel": true,