{
    "name": "root",
    "gauges": {
        "Spy.Policy.Entropy.mean": {
            "value": 0.5748637914657593,
            "min": 0.42708173394203186,
            "max": 1.5049329996109009,
            "count": 333
        },
        "Spy.Environment.Lesson.SimplePathFinding.mean": {
            "value": 8.0,
            "min": 0.0,
            "max": 8.0,
            "count": 333
        },
        "Spy.Environment.EpisodeLength.mean": {
            "value": 152.4517766497462,
            "min": 62.75735294117647,
            "max": 727.5714285714286,
            "count": 333
        },
        "Spy.Policy.ExtrinsicValueEstimate.mean": {
            "value": 0.432817280292511,
            "min": 0.13127455115318298,
            "max": 0.6268641948699951,
            "count": 333
        },
        "Spy.Policy.CuriosityValueEstimate.mean": {
            "value": 0.42758703231811523,
            "min": -0.23979629576206207,
            "max": 4.7403564453125,
            "count": 333
        },
        "Spy.Environment.CumulativeReward.mean": {
            "value": 0.8989116111488054,
            "min": 0.3467084919201567,
            "max": 0.9687517614326846,
            "count": 333
        },
        "Spy.Policy.ExtrinsicReward.mean": {
            "value": 0.8989116111488054,
            "min": 0.3467084919201567,
            "max": 0.9687517614326846,
            "count": 333
        },
        "Spy.Policy.CuriosityReward.mean": {
            "value": 0.2787277929889358,
            "min": 0.1442262780891925,
            "max": 20.490832703662853,
            "count": 333
        },
        "Spy.Losses.ValueLoss.mean": {
            "value": 0.005906991194933653,
            "min": 0.0019863243214786053,
            "max": 4.277527332305908,
            "count": 333
        },
        "Spy.Losses.PolicyLoss.mean": {
            "value": 0.4715806841850281,
            "min": 0.3357049822807312,
            "max": 0.5355148911476135,
            "count": 333
        },
        "Spy.Policy.LearningRate.mean": {
            "value": 7.455047921212099e-07,
            "min": 7.455047921212099e-07,
            "max": 0.00029951322358101606,
            "count": 333
        },
        "Spy.Policy.Epsilon.mean": {
            "value": 0.10024846345186234,
            "min": 0.10024846345186234,
            "max": 0.19983774423599243,
            "count": 333
        },
        "Spy.Policy.Beta.mean": {
            "value": 3.482198735582642e-05,
            "min": 3.482198735582642e-05,
            "max": 0.0099837901070714,
            "count": 333
        },
        "Spy.Losses.CuriosityForwardLoss.mean": {
            "value": 0.010366247966885567,
            "min": 0.006370277144014835,
            "max": 2.5294525623321533,
            "count": 333
        },
        "Spy.Losses.CuriosityInverseLoss.mean": {
            "value": 0.023148925974965096,
            "min": 0.006616680882871151,
            "max": 0.8398329019546509,
            "count": 333
        },
        "Spy.IsTraining.mean": {
            "value": 1.0,
            "min": 1.0,
            "max": 1.0,
            "count": 333
        }
    },
    "metadata": {
        "timer_format_version": "0.1.0",
        "start_time_seconds": "1597957194",
        "python_version": "3.8.3 (tags/v3.8.3:6f8c832, May 13 2020, 22:37:02) [MSC v.1924 64 bit (AMD64)]",
        "command_line_arguments": "C:\\Users\\User\\AppData\\Local\\Programs\\Python\\Python38\\Scripts\\mlagents-learn ../config/ppo/spy_config_cnn_simple_pathfinding_01.yaml --run-id=spy_config_cnn_simple_pathfinding_02_LARGER_MEM_LESS_OBVS",
        "mlagents_version": "0.18.0",
        "mlagents_envs_version": "0.18.0",
        "communication_protocol_version": "1.0.0",
        "tensorflow_version": "2.2.0",
        "end_time_seconds": "1597982280"
    },
    "total": 25086.595673699998,
    "count": 1,
    "self": 0.24692990000039572,
    "children": {
        "run_training.setup": {
            "total": 0.004942800000000025,
            "count": 1,
            "self": 0.004942800000000025
        },
        "TrainerController.start_learning": {
            "total": 25086.343801,
            "count": 1,
            "self": 263.52080560079776,
            "children": {
                "TrainerController._reset_env": {
                    "total": 5.0144761000011275,
                    "count": 9,
                    "self": 5.0144761000011275
                },
                "TrainerController.advance": {
                    "total": 24815.2061511992,
                    "count": 774465,
                    "self": 15.881063300799724,
                    "children": {
                        "env_step": {
                            "total": 24799.3250878984,
                            "count": 774465,
                            "self": 22214.20750839996,
                            "children": {
                                "SubprocessEnvManager._take_step": {
                                    "total": 2575.8338418992053,
                                    "count": 774465,
                                    "self": 36.95120199808207,
                                    "children": {
                                        "NNPolicy.evaluate": {
                                            "total": 2538.882639901123,
                                            "count": 714760,
                                            "self": 2538.882639901123
                                        }
                                    }
                                },
                                "workers": {
                                    "total": 9.28373759923597,
                                    "count": 774465,
                                    "self": 0.0,
                                    "children": {
                                        "worker_root": {
                                            "total": 25056.82193690074,
                                            "count": 774465,
                                            "is_parallel": true,
                                            "self": 10922.71678440077,
                                            "children": {
                                                "steps_from_proto": {
                                                    "total": 0.005860800000410116,
                                                    "count": 9,
                                                    "is_parallel": true,
                                                    "self": 0.001334099999846572,
                                                    "children": {
                                                        "_process_vector_observation": {
                                                            "total": 0.004526700000563544,
                                                            "count": 36,
                                                            "is_parallel": true,
                                                            "self": 0.004526700000563544
                                                        }
                                                    }
                                                },
                                                "UnityEnvironment.step": {
                                                    "total": 14134.099291699968,
                                                    "count": 774465,
                                                    "is_parallel": true,
                                                    "self": 58.80795669760482,
                                                    "children": {
                                                        "UnityEnvironment._generate_step_input": {
                                                            "total": 221.08176800002866,
                                                            "count": 774465,