{
    "name": "root",
    "gauges": {
        "Patrol.Policy.Entropy.mean": {
            "value": 0.5677882432937622,
            "min": 0.5677882432937622,
            "max": 1.566908597946167,
            "count": 44
        },
        "Patrol.Policy.ExtrinsicValueEstimate.mean": {
            "value": -0.00017518168897368014,
            "min": -0.009836704470217228,
            "max": 0.15667353570461273,
            "count": 44
        },
        "Patrol.Losses.ValueLoss.mean": {
            "value": 1.104311081689957e-06,
            "min": 2.5471966758061626e-09,
            "max": 0.001686982810497284,
            "count": 44
        },
        "Patrol.Losses.PolicyLoss.mean": {
            "value": 0.06648802012205124,
            "min": 0.06432005017995834,
            "max": 0.07329317182302475,
            "count": 44
        },
        "Patrol.Policy.LearningRate.mean": {
            "value": 0.0002608204958960414,
            "min": 0.0002608204958960414,
            "max": 0.0002995392133016139,
            "count": 44
        },
        "Patrol.Policy.Epsilon.mean": {
            "value": 0.18694016337394714,
            "min": 0.18694016337394714,
            "max": 0.19984640181064606,
            "count": 44
        },
        "Patrol.Policy.Beta.mean": {
            "value": 0.008695322088897228,
            "min": 0.008695322088897228,
            "max": 0.009984655305743217,
            "count": 44
        },
        "Patrol.IsTraining.mean": {
            "value": 1.0,
            "min": 1.0,
            "max": 1.0,
            "count": 44
        },
        "Patrol.Environment.EpisodeLength.mean": {
            "value": 9999.0,
            "min": 9999.0,
            "max": 9999.0,
            "count": 11
        },
        "Patrol.Environment.CumulativeReward.mean": {
            "value": 0.01009090943261981,
            "min": 0.01009090943261981,
            "max": 0.13400000240653753,
            "count": 21
        },
        "Patrol.Policy.ExtrinsicReward.mean": {
            "value": 0.01009090943261981,
            "min": 0.01009090943261981,
            "max": 0.13400000240653753,
            "count": 21
        }
    },
    "metadata": {
        "timer_format_version": "0.1.0",
        "start_time_seconds": "1599385561",
        "python_version": "3.8.3 (tags/v3.8.3:6f8c832, May 13 2020, 22:37:02) [MSC v.1924 64 bit (AMD64)]",
        "command_line_arguments": "C:\\Users\\User\\AppData\\Local\\Programs\\Python\\Python38\\Scripts\\mlagents-learn ../config/ppo/patrol_config.yaml --run-id=patrol_3",
        "mlagents_version": "0.18.0",
        "mlagents_envs_version": "0.18.0",
        "communication_protocol_version": "1.0.0",
        "tensorflow_version": "2.2.0",
        "end_time_seconds": "1599389894"
    },
    "total": 4333.4064805,
    "count": 1,
    "self": 0.00406849999944825,
    "children": {
        "run_training.setup": {
            "total": 0.004767700000000152,
            "count": 1,
            "self": 0.004767700000000152
        },
        "TrainerController.start_learning": {
            "total": 4333.3976443,
            "count": 1,
            "self": 23.065753500003666,
            "children": {
                "TrainerController._reset_env": {
                    "total": 5.7383182999999995,
                    "count": 1,
                    "self": 5.7383182999999995
                },
                "TrainerController.advance": {
                    "total": 4303.526886699997,
                    "count": 110537,
                    "self": 1.1388109999552398,
                    "children": {
                        "env_step": {
                            "total": 4302.388075700042,
                            "count": 110537,
                            "self": 4148.844439000085,
                            "children": {
                                "SubprocessEnvManager._take_step": {
                                    "total": 152.27554520000893,
                                    "count": 110537,
                                    "self": 3.7797750000144106,
                                    "children": {
                                        "NNPolicy.evaluate": {
                                            "total": 148.49577019999452,
                                            "count": 110537,
                                            "self": 148.49577019999452
                                        }
                                    }
                                },
                                "workers": {
                                    "total": 1.2680914999475643,
                                    "count": 110536,
                                    "self": 0.0,
                                    "children": {
                                        "worker_root": {
                                            "total": 4323.736911699982,
                                            "count": 110536,
                                            "is_parallel": true,
                                            "self": 327.582648299986,
                                            "children": {
                                                "steps_from_proto": {
                                                    "total": 0.0006762999999994079,
                                                    "count": 1,
                                                    "is_parallel": true,
                                                    "self": 0.00015289999999801296,
                                                    "children": {
                                                        "_process_vector_observation": {
                                                            "total": 0.000523400000001395,
                                                            "count": 6,
                                                            "is_parallel": true,
                                                            "self": 0.000523400000001395
                                                        }
                                                    }
                                                },
                                                "UnityEnvironment.step": {
                                                    "total": 3996.1535870999955,
                                                    "count": 110536,
                                                    "is_parallel": true,
                                                    "self": 7.041742399742816,
                                                    "children": {
                                                        "UnityEnvironment._generate_step_input": {
                                                            "total": 25.23911600007944,
                                                            "count": 110536,
                                                            "is_parallel": true,
                                                            "self": 25.23911600007944
                                                        },
                                                        "communicator.exchange": {
                                                            "total": 3898.2639066000515,
                                                            "count": 110536,
                                                            "is_parallel": true,
                                                            "self": 3898.2639066000515
                                                        },
                                                        "steps_from_proto": {
                                                            "total": 65.6088221001221,
                                                            "count": 110536,
                                                            "is_parallel": true,