{
    "name": "root",
    "gauges": {
        "Spy.Policy.Entropy.mean": {
            "value": 0.7301437854766846,
            "min": 0.5346878170967102,
            "max": 1.5519015789031982,
            "count": 333
        },
        "Spy.Environment.Lesson.SimplePathFinding.mean": {
            "value": 8.0,
            "min": 0.0,
            "max": 8.0,
            "count": 333
        },
        "Spy.Policy.ExtrinsicValueEstimate.mean": {
            "value": 0.29796090722084045,
            "min": 0.10803169757127762,
            "max": 0.6544294953346252,
            "count": 333
        },
        "Spy.Policy.CuriosityValueEstimate.mean": {
            "value": 0.39173659682273865,
            "min": 0.33256685733795166,
            "max": 4.65488338470459,
            "count": 333
        },
        "Spy.Environment.EpisodeLength.mean": {
            "value": 175.03977272727272,
            "min": 61.974554707379134,
            "max": 680.542372881356,
            "count": 333
        },
        "Spy.Losses.ValueLoss.mean": {
            "value": 0.004739692900329828,
            "min": 0.001587539678439498,
            "max": 2.156780958175659,
            "count": 333
        },
        "Spy.Losses.PolicyLoss.mean": {
            "value": 0.45721307396888733,
            "min": 0.3794226348400116,
            "max": 0.6056714057922363,
            "count": 333
        },
        "Spy.Policy.LearningRate.mean": {
            "value": 7.424530963362486e-07,
            "min": 7.424530963362486e-07,
            "max": 0.0002995241666212678,
            "count": 333
        },
        "Spy.Policy.Epsilon.mean": {
            "value": 0.10024746507406235,
            "min": 0.10024746507406235,
            "max": 0.19984139502048492,
            "count": 333
        },
        "Spy.Policy.Beta.mean": {
            "value": 3.4720360417850316e-05,
            "min": 3.4720360417850316e-05,
            "max": 0.009984154254198074,
            "count": 333
        },
        "Spy.Losses.CuriosityForwardLoss.mean": {
            "value": 0.013758644461631775,
            "min": 0.010738356038928032,
            "max": 0.2882232964038849,
            "count": 333
        },
        "Spy.Losses.CuriosityInverseLoss.mean": {
            "value": 0.027311213314533234,
            "min": 0.009785398840904236,
            "max": 0.956213116645813,
            "count": 333
        },
        "Spy.Environment.CumulativeReward.mean": {
            "value": 0.8833847872433607,
            "min": 0.42924072013960946,
            "max": 0.9656446387717255,
            "count": 333
        },
        "Spy.Policy.ExtrinsicReward.mean": {
            "value": 0.8833847872433607,
            "min": 0.42924072013960946,
            "max": 0.9656446387717255,
            "count": 333
        },
        "Spy.Policy.CuriosityReward.mean": {
            "value": 0.45927948345721575,
            "min": 0.25867897478260393,
            "max": 25.671446024246936,
            "count": 333
        },
        "Spy.IsTraining.mean": {
            "value": 1.0,
            "min": 1.0,
            "max": 1.0,
            "count": 333
        }
    },
    "metadata": {
        "timer_format_version": "0.1.0",
        "start_time_seconds": "1598026637",
        "python_version": "3.8.3 (tags/v3.8.3:6f8c832, May 13 2020, 22:37:02) [MSC v.1924 64 bit (AMD64)]",
        "command_line_arguments": "C:\\Users\\User\\AppData\\Local\\Programs\\Python\\Python38\\Scripts\\mlagents-learn ../config/ppo/spy_config_cnn_simple_pathfinding_01.yaml --run-id=spy_config_cnn_simple_pathfinding_03_with_mem_trail_and_free_tiles",
        "mlagents_version": "0.18.0",
        "mlagents_envs_version": "0.18.0",
        "communication_protocol_version": "1.0.0",
        "tensorflow_version": "2.2.0",
        "end_time_seconds": "1598051107"
    },
    "total": 24469.5909872,
    "count": 1,
    "self": 0.2654614000020956,
    "children": {
        "run_training.setup": {
            "total": 0.005411599999999961,
            "count": 1,
            "self": 0.005411599999999961
        },
        "TrainerController.start_learning": {
            "total": 24469.3201142,
            "count": 1,
            "self": 280.70392360107144,
            "children": {
                "TrainerController._reset_env": {
                    "total": 3.76386429999855,
                    "count": 9,
                    "self": 3.76386429999855
                },
                "TrainerController.advance": {
                    "total": 24182.156458398927,
                    "count": 765843,
                    "self": 16.349648298062675,
                    "children": {
                        "env_step": {
                            "total": 24165.806810100865,
                            "count": 765843,
                            "self": 21584.090566201914,
                            "children": {
                                "SubprocessEnvManager._take_step": {
                                    "total": 2572.4701652998265,
                                    "count": 765843,
                                    "self": 37.15187880102667,
                                    "children": {
                                        "NNPolicy.evaluate": {
                                            "total": 2535.3182864988,
                                            "count": 714785,
                                            "self": 2535.3182864988
                                        }
                                    }
                                },
                                "workers": {
                                    "total": 9.246078599125719,
                                    "count": 765843,
                                    "self": 0.0,
                                    "children": {
                                        "worker_root": {
                                            "total": 24440.7745096011,
                                            "count": 765843,
                                            "is_parallel": true,
                                            "self": 7836.6009377018745,
                                            "children": {
                                                "steps_from_proto": {
                                                    "total": 0.006924799999887377,
                                                    "count": 9,
                                                    "is_parallel": true,
                                                    "self": 0.0012385999995765395,
                                                    "children": {
                                                        "_process_vector_observation": {
                                                            "total": 0.005686200000310837,
                                                            "count": 36,
                                                            "is_parallel": true,
                                                            "self": 0.005686200000310837
                                                        }
                                                    }
                                                },
                                                "UnityEnvironment.step": {
                                                    "total": 16604.166647099224,
                                                    "count": 765843,
                                                    "is_parallel": true,
                                                    "self": 62.597645998637745,
                                                    "children": {
                                                        "UnityEnvironment._generate_step_input": {
                                                            "total": 219.5338729005679,
                                                            "count": 765843,