{
    "name": "root",
    "gauges": {
        "Patrol.Policy.Entropy.mean": {
            "value": 1.361663579940796,
            "min": 0.9617846608161926,
            "max": 2.653316020965576,
            "count": 183
        },
        "Patrol.Policy.ExtrinsicValueEstimate.mean": {
            "value": -0.007696458604186773,
            "min": -0.07202575355768204,
            "max": 0.2576722204685211,
            "count": 183
        },
        "Patrol.Policy.CuriosityValueEstimate.mean": {
            "value": 0.9947354197502136,
            "min": 0.17175891995429993,
            "max": 7.306869029998779,
            "count": 183
        },
        "Patrol.Losses.ValueLoss.mean": {
            "value": 0.0013460341142490506,
            "min": 0.00010255289089400321,
            "max": 7.305059432983398,
            "count": 183
        },
        "Patrol.Losses.PolicyLoss.mean": {
            "value": 0.06517563760280609,
            "min": 0.06517563760280609,
            "max": 0.07606692612171173,
            "count": 183
        },
        "Patrol.Policy.LearningRate.mean": {
            "value": 0.00013574214244727045,
            "min": 0.00013574214244727045,
            "max": 0.0002995392133016139,
            "count": 183
        },
        "Patrol.Policy.Epsilon.mean": {
            "value": 0.14524734020233154,
            "min": 0.14524734020233154,
            "max": 0.19984640181064606,
            "count": 183
        },
        "Patrol.Policy.Beta.mean": {
            "value": 0.004530210979282856,
            "min": 0.004530210979282856,
            "max": 0.009984655305743217,
            "count": 183
        },
        "Patrol.Losses.CuriosityForwardLoss.mean": {
            "value": 0.031233232468366623,
            "min": 0.022618014365434647,
            "max": 0.5151573419570923,
            "count": 183
        },
        "Patrol.Losses.CuriosityInverseLoss.mean": {
            "value": 0.06311660259962082,
            "min": 0.01973852887749672,
            "max": 2.5957860946655273,
            "count": 183
        },
        "Patrol.IsTraining.mean": {
            "value": 1.0,
            "min": 1.0,
            "max": 1.0,
            "count": 183
        },
        "Patrol.Environment.EpisodeLength.mean": {
            "value": 9999.0,
            "min": 9999.0,
            "max": 9999.0,
            "count": 45
        },
        "Patrol.Environment.CumulativeReward.mean": {
            "value": -0.9139997994061559,
            "min": -0.9377998037962243,
            "max": -0.73762716001577,
            "count": 90
        },
        "Patrol.Policy.ExtrinsicReward.mean": {
            "value": -0.9139997994061559,
            "min": -0.9377998037962243,
            "max": -0.73762716001577,
            "count": 90
        },
        "Patrol.Policy.CuriosityReward.mean": {
            "value": 114.36261165887117,
            "min": 35.446954153478146,
            "max": 557.7124053239822,
            "count": 90
        }
    },
    "metadata": {
        "timer_format_version": "0.1.0",
        "start_time_seconds": "1599316925",
        "python_version": "3.8.3 (tags/v3.8.3:6f8c832, May 13 2020, 22:37:02) [MSC v.1924 64 bit (AMD64)]",
        "command_line_arguments": "C:\\Users\\User\\AppData\\Local\\Programs\\Python\\Python38\\Scripts\\mlagents-learn ../config/ppo/patrol_config.yaml --run-id=patrol_large_max_step_w_rotation_w_pun_curr",
        "mlagents_version": "0.18.0",
        "mlagents_envs_version": "0.18.0",
        "communication_protocol_version": "1.0.0",
        "tensorflow_version": "2.2.0",
        "end_time_seconds": "1599334816"
    },
    "total": 17891.074852700003,
    "count": 1,
    "self": 0.004377100005513057,
    "children": {
        "run_training.setup": {
            "total": 0.005095800000000317,
            "count": 1,
            "self": 0.005095800000000317
        },
        "TrainerController.start_learning": {
            "total": 17891.0653798,
            "count": 1,
            "self": 101.70319020029638,
            "children": {
                "TrainerController._reset_env": {
                    "total": 7.981131599999999,
                    "count": 1,
                    "self": 7.981131599999999
                },
                "TrainerController.advance": {
                    "total": 17779.3621123997,
                    "count": 458654,
                    "self": 4.762488599961216,
                    "children": {
                        "env_step": {
                            "total": 17774.59962379974,
                            "count": 458654,
                            "self": 16955.174020699953,
                            "children": {
                                "SubprocessEnvManager._take_step": {
                                    "total": 814.144848099287,
                                    "count": 458654,
                                    "self": 13.752138800093462,
                                    "children": {
                                        "NNPolicy.evaluate": {
                                            "total": 800.3927092991935,
                                            "count": 458654,
                                            "self": 800.3927092991935
                                        }
                                    }
                                },
                                "workers": {
                                    "total": 5.280755000498646,
                                    "count": 458653,
                                    "self": 0.0,
                                    "children": {
                                        "worker_root": {
                                            "total": 17869.576215999532,
                                            "count": 458653,
                                            "is_parallel": true,
                                            "self": 1636.1817345990185,
                                            "children": {
                                                "steps_from_proto": {
                                                    "total": 0.000742699999999985,
                                                    "count": 1,
                                                    "is_parallel": true,
                                                    "self": 0.00016640000000123223,
                                                    "children": {
                                                        "_process_vector_observation": {
                                                            "total": 0.0005762999999987528,
                                                            "count": 6,
                                                            "is_parallel": true,
                                                            "self": 0.0005762999999987528
                                                        }
                                                    }
                                                },
                                                "UnityEnvironment.step": {
                                                    "total": 16233.393738700513,
                                                    "count": 458653,
                                                    "is_parallel": true,
                                                    "self": 32.700454301619175,
                                                    "children": {
                                                        "UnityEnvironment._generate_step_input": {
                                                            "total": 115.24851530004001,
                                                            "count": 458653,
                                                            "is_parallel": true,