{"cameraMode":{"drawMode":0,"name":"Shaded","section":"Shading Mode"},"sceneLighting":true,"audioPlay":false,"sceneViewState":{"showFog":true,"showMaterialUpdate":false,"showSkybox":true,"showFlares":true,"showImageEffects":true,"showParticleSystems":true},"in2DMode":false,"pivot":{"x":1.0079816579818726,"y":0.701690673828125,"z":-1.6807702779769898},"rotation":{"x":0.7140870690345764,"y":-0.000004733632977149682,"z":0.0000019422147943259917,"w":0.7000676393508911},"size":11.561308860778809,"orthographic":false}