{"cameraMode":{"drawMode":0,"name":"Shaded","section":"Shading Mode"},"sceneLighting":true,"audioPlay":false,"sceneViewState":{"showFog":true,"showMaterialUpdate":false,"showSkybox":true,"showFlares":true,"showImageEffects":true,"showParticleSystems":true},"in2DMode":false,"pivot":{"x":1.0694056749343873,"y":-14.339561462402344,"z":3.5614404678344728},"rotation":{"x":-0.0018445556052029133,"y":0.7304544448852539,"z":-0.682964563369751,"w":-0.001970482524484396},"size":36.87852096557617,"orthographic":false}