{"cameraMode":{"drawMode":0,"name":"Shaded","section":"Shading Mode"},"sceneLighting":true,"audioPlay":false,"sceneViewState":{"showFog":true,"showMaterialUpdate":false,"showSkybox":true,"showFlares":true,"showImageEffects":true,"showParticleSystems":true},"in2DMode":false,"pivot":{"x":1.8856048583984376,"y":-33.703125,"z":7.267578125},"rotation":{"x":0.6360746026039124,"y":0.0011573804076761008,"z":-0.0009544251370243728,"w":0.7716294527053833},"size":39.814456939697269,"orthographic":true}