{"cameraMode":{"drawMode":0,"name":"Shaded","section":"Shading Mode"},"sceneLighting":true,"audioPlay":false,"sceneViewState":{"showFog":true,"showMaterialUpdate":false,"showSkybox":true,"showFlares":true,"showImageEffects":true,"showParticleSystems":true},"in2DMode":false,"pivot":{"x":-3.5494384765625,"y":-5.49609375,"z":0.377685546875},"rotation":{"x":-0.7547734975814819,"y":-0.003536636708304286,"z":0.0040846155025064949,"w":-0.6559813022613525},"size":25.476722717285158,"orthographic":true}