{"cameraMode":{"drawMode":0,"name":"Shaded","section":"Shading Mode"},"sceneLighting":true,"audioPlay":false,"sceneViewState":{"showFog":true,"showMaterialUpdate":false,"showSkybox":true,"showFlares":true,"showImageEffects":true,"showParticleSystems":true},"in2DMode":false,"pivot":{"x":-0.8666567206382752,"y":-25.11328125,"z":-4.64013671875},"rotation":{"x":0.7658741474151611,"y":2.5443538831382285e-8,"z":-4.571553802179551e-8,"w":0.6429921984672546},"size":22.346633911132814,"orthographic":true}