{"cameraMode":{"drawMode":0,"name":"Shaded","section":"Shading Mode"},"sceneLighting":true,"audioPlay":false,"sceneViewState":{"showFog":true,"showMaterialUpdate":false,"showSkybox":true,"showFlares":true,"showImageEffects":true,"showParticleSystems":true},"in2DMode":false,"pivot":{"x":1.1592419147491456,"y":-14.191570281982422,"z":1.3659155368804932},"rotation":{"x":-0.0018445556052029133,"y":0.7304544448852539,"z":-0.682964563369751,"w":-0.001970482524484396},"size":18.925933837890626,"orthographic":false}