{"cameraMode":{"drawMode":0,"name":"Shaded","section":"Shading Mode"},"sceneLighting":true,"audioPlay":false,"sceneViewState":{"showFog":true,"showMaterialUpdate":false,"showSkybox":true,"showFlares":true,"showImageEffects":true,"showParticleSystems":true},"in2DMode":false,"pivot":{"x":-2.947540283203125,"y":-9.85546875,"z":5.71484375},"rotation":{"x":-0.7547734975814819,"y":-0.003536636708304286,"z":0.0040846155025064949,"w":-0.6559813022613525},"size":34.0928840637207,"orthographic":true}