{
    "name": "root",
    "gauges": {
        "Spy.Policy.Entropy.mean": {
            "value": 0.22235777974128723,
            "min": 0.1545400619506836,
            "max": 1.5678045749664307,
            "count": 1000
        },
        "Spy.Environment.Lesson.PathFinding.mean": {
            "value": 16.0,
            "min": 0.0,
            "max": 16.0,
            "count": 1000
        },
        "Spy.Policy.ExtrinsicValueEstimate.mean": {
            "value": 0.33716219663619995,
            "min": 0.0215540062636137,
            "max": 0.7918339371681213,
            "count": 1000
        },
        "Spy.Policy.CuriosityValueEstimate.mean": {
            "value": 0.09916839003562927,
            "min": -0.4020771384239197,
            "max": 13.21530532836914,
            "count": 1000
        },
        "Spy.Losses.ValueLoss.mean": {
            "value": 0.004378876648843288,
            "min": 0.0011996343964710832,
            "max": 3.579739809036255,
            "count": 1000
        },
        "Spy.Losses.PolicyLoss.mean": {
            "value": 0.06665205210447311,
            "min": 0.061921510845422745,
            "max": 0.07591880112886429,
            "count": 1000
        },
        "Spy.Policy.LearningRate.mean": {
            "value": 4.919884943888064e-08,
            "min": 4.919884943888064e-08,
            "max": 9.99475596472621e-05,
            "count": 1000
        },
        "Spy.Policy.Epsilon.mean": {
            "value": 0.10004909336566925,
            "min": 0.10004909336566925,
            "max": 0.1999475657939911,
            "count": 1000
        },
        "Spy.Policy.Beta.mean": {
            "value": 1.49049801621004e-05,
            "min": 1.49049801621004e-05,
            "max": 0.00999476108700037,
            "count": 1000
        },
        "Spy.Losses.CuriosityForwardLoss.mean": {
            "value": 0.001858560717664659,
            "min": 0.0015317752258852124,
            "max": 0.7348902821540833,
            "count": 1000
        },
        "Spy.Losses.CuriosityInverseLoss.mean": {
            "value": 0.0015970495296642184,
            "min": 0.0003144604852423072,
            "max": 1.5570886135101318,
            "count": 1000
        },
        "Spy.Environment.EpisodeLength.mean": {
            "value": 243.30935251798562,
            "min": 30.947791164658636,
            "max": 383.6090909090909,
            "count": 1000
        },
        "Spy.Environment.CumulativeReward.mean": {
            "value": 0.6791256953563009,
            "min": 0.37078361267393284,
            "max": 0.9690733460003962,
            "count": 1000
        },
        "Spy.Policy.ExtrinsicReward.mean": {
            "value": 0.6791256953563009,
            "min": 0.37078361267393284,
            "max": 0.9690733460003962,
            "count": 1000
        },
        "Spy.Policy.CuriosityReward.mean": {
            "value": 0.09486974512359926,
            "min": 0.05920026168227196,
            "max": 5.689592105105874,
            "count": 1000
        },
        "Spy.IsTraining.mean": {
            "value": 1.0,
            "min": 1.0,
            "max": 1.0,
            "count": 1000
        }
    },
    "metadata": {
        "timer_format_version": "0.1.0",
        "start_time_seconds": "1598819936",
        "python_version": "3.8.3 (tags/v3.8.3:6f8c832, May 13 2020, 22:37:02) [MSC v.1924 64 bit (AMD64)]",
        "command_line_arguments": "C:\\Users\\User\\AppData\\Local\\Programs\\Python\\Python38\\Scripts\\mlagents-learn ../config/ppo/spy_pathfinding_curriculum.yaml --run-id=spy_pathfinding_0.0001_learning_rate",
        "mlagents_version": "0.18.0",
        "mlagents_envs_version": "0.18.0",
        "communication_protocol_version": "1.0.0",
        "tensorflow_version": "2.2.0",
        "end_time_seconds": "1598859431"
    },
    "total": 39495.2414614,
    "count": 1,
    "self": 0.26097419999859994,
    "children": {
        "run_training.setup": {
            "total": 0.005085599999999912,
            "count": 1,
            "self": 0.005085599999999912
        },
        "TrainerController.start_learning": {
            "total": 39494.9754016,
            "count": 1,
            "self": 264.44960909854854,
            "children": {
                "TrainerController._reset_env": {
                    "total": 13.522888300000512,
                    "count": 17,
                    "self": 13.522888300000512
                },
                "TrainerController.advance": {
                    "total": 39215.36361980145,
                    "count": 723831,
                    "self": 14.330796702997759,
                    "children": {
                        "env_step": {
                            "total": 39201.03282309845,
                            "count": 723831,
                            "self": 38342.589422196645,
                            "children": {
                                "SubprocessEnvManager._take_step": {
                                    "total": 850.5023593003087,
                                    "count": 723831,
                                    "self": 29.320686100110947,
                                    "children": {
                                        "NNPolicy.evaluate": {
                                            "total": 821.1816732001978,
                                            "count": 556258,
                                            "self": 821.1816732001978
                                        }
                                    }
                                },
                                "workers": {
                                    "total": 7.94104160149967,
                                    "count": 723831,
                                    "self": 0.0,
                                    "children": {
                                        "worker_root": {
                                            "total": 39468.86415240094,
                                            "count": 723831,
                                            "is_parallel": true,
                                            "self": 3032.548744601758,
                                            "children": {
                                                "steps_from_proto": {
                                                    "total": 0.03789460000029443,
                                                    "count": 17,
                                                    "is_parallel": true,
                                                    "self": 0.004092699989563187,
                                                    "children": {
                                                        "_process_vector_observation": {
                                                            "total": 0.033801900010731245,
                                                            "count": 68,
                                                            "is_parallel": true,
                                                            "self": 0.033801900010731245
                                                        }
                                                    }
                                                },
                                                "UnityEnvironment.step": {
                                                    "total": 36436.27751319919,
                                                    "count": 723831,
                                                    "is_parallel": true,
                                                    "self": 100.39328349720745,
                                                    "children": {
                                                        "UnityEnvironment._generate_step_input": {
                                                            "total": 550.7816688003604,
                                                            "count": 723831,