{
    "name": "root",
    "gauges": {
        "Patrol.Policy.Entropy.mean": {
            "value": 0.8072207570075989,
            "min": 0.7586073279380798,
            "max": 2.646662712097168,
            "count": 133
        },
        "Patrol.Policy.ExtrinsicValueEstimate.mean": {
            "value": 0.04931309446692467,
            "min": -0.10617534816265106,
            "max": 0.05318640172481537,
            "count": 133
        },
        "Patrol.Losses.ValueLoss.mean": {
            "value": 2.9921377063146792e-05,
            "min": 1.2350434190011583e-05,
            "max": 0.002104970859363675,
            "count": 133
        },
        "Patrol.Losses.PolicyLoss.mean": {
            "value": 0.06941261142492294,
            "min": 0.06503696739673615,
            "max": 0.07406605780124664,
            "count": 133
        },
        "Patrol.Policy.LearningRate.mean": {
            "value": 0.00018079225264955312,
            "min": 0.00018079225264955312,
            "max": 0.0002995468967128545,
            "count": 133
        },
        "Patrol.Policy.Epsilon.mean": {
            "value": 0.16026408970355988,
            "min": 0.16026408970355988,
            "max": 0.1998489499092102,
            "count": 133
        },
        "Patrol.Policy.Beta.mean": {
            "value": 0.006030379794538021,
            "min": 0.006030379794538021,
            "max": 0.009984911419451237,
            "count": 133
        },
        "Patrol.Environment.EpisodeLength.mean": {
            "value": 999.0,
            "min": 999.0,
            "max": 999.0,
            "count": 133
        },
        "Patrol.Environment.CumulativeReward.mean": {
            "value": 0.47617997357534475,
            "min": 0.08258749657761655,
            "max": 0.4979359730903525,
            "count": 133
        },
        "Patrol.Policy.ExtrinsicReward.mean": {
            "value": 0.47617997357534475,
            "min": 0.08258749657761655,
            "max": 0.4979359730903525,
            "count": 133
        },
        "Patrol.IsTraining.mean": {
            "value": 1.0,
            "min": 1.0,
            "max": 1.0,
            "count": 133
        }
    },
    "metadata": {
        "timer_format_version": "0.1.0",
        "start_time_seconds": "1599219672",
        "python_version": "3.8.3 (tags/v3.8.3:6f8c832, May 13 2020, 22:37:02) [MSC v.1924 64 bit (AMD64)]",
        "command_line_arguments": "C:\\Users\\User\\AppData\\Local\\Programs\\Python\\Python38\\Scripts\\mlagents-learn ../config/ppo/patrol_config.yaml --run-id=patrol_randomised_02",
        "mlagents_version": "0.18.0",
        "mlagents_envs_version": "0.18.0",
        "communication_protocol_version": "1.0.0",
        "tensorflow_version": "2.2.0",
        "end_time_seconds": "1599232492"
    },
    "total": 12817.8495158,
    "count": 1,
    "self": 0.004109599998628255,
    "children": {
        "run_training.setup": {
            "total": 0.00500809999999996,
            "count": 1,
            "self": 0.00500809999999996
        },
        "TrainerController.start_learning": {
            "total": 12817.840398100001,
            "count": 1,
            "self": 65.99666279985286,
            "children": {
                "TrainerController._reset_env": {
                    "total": 5.0436797,
                    "count": 1,
                    "self": 5.0436797
                },
                "TrainerController.advance": {
                    "total": 12745.49386500015,
                    "count": 333270,
                    "self": 3.3522717998675944,
                    "children": {
                        "env_step": {
                            "total": 12742.141593200282,
                            "count": 333270,
                            "self": 12168.963443299777,
                            "children": {
                                "SubprocessEnvManager._take_step": {
                                    "total": 569.4840701004467,
                                    "count": 333270,
                                    "self": 10.687572300605893,
                                    "children": {
                                        "NNPolicy.evaluate": {
                                            "total": 558.7964977998408,
                                            "count": 333270,
                                            "self": 558.7964977998408
                                        }
                                    }
                                },
                                "workers": {
                                    "total": 3.6940798000585318,
                                    "count": 333269,
                                    "self": 0.0,
                                    "children": {
                                        "worker_root": {
                                            "total": 12802.67726719996,
                                            "count": 333269,
                                            "is_parallel": true,
                                            "self": 1100.541081399875,
                                            "children": {
                                                "steps_from_proto": {
                                                    "total": 0.0008635999999997424,
                                                    "count": 1,
                                                    "is_parallel": true,
                                                    "self": 0.00015499999999768477,
                                                    "children": {
                                                        "_process_vector_observation": {
                                                            "total": 0.0007086000000020576,
                                                            "count": 6,
                                                            "is_parallel": true,
                                                            "self": 0.0007086000000020576
                                                        }
                                                    }
                                                },
                                                "UnityEnvironment.step": {
                                                    "total": 11702.135322200085,
                                                    "count": 333269,
                                                    "is_parallel": true,
                                                    "self": 24.84296619977613,
                                                    "children": {
                                                        "UnityEnvironment._generate_step_input": {
                                                            "total": 84.3432119004876,
                                                            "count": 333269,
                                                            "is_parallel": true,
                                                            "self": 84.3432119004876
                                                        },
                                                        "communicator.exchange": {
                                                            "total": 11320.642447699893,
                                                            "count": 333269,
                                                            "is_parallel": true,
                                                            "self": 11320.642447699893
                                                        },
                                                        "steps_from_proto": {
                                                            "total": 272.30669639992806,
                                                            "count": 333269,
                                                            "is_parallel": true,