{
    "name": "root",
    "gauges": {
        "Patrol.Policy.Entropy.mean": {
            "value": 0.24151495099067688,
            "min": 0.24151495099067688,
            "max": 0.8566127419471741,
            "count": 60
        },
        "Patrol.Policy.ExtrinsicValueEstimate.mean": {
            "value": 0.00493468577042222,
            "min": 0.0020840030629187822,
            "max": 0.0060113416984677315,
            "count": 60
        },
        "Patrol.Losses.ValueLoss.mean": {
            "value": 4.6587655333496514e-07,
            "min": 1.9607595902471076e-07,
            "max": 8.473144589515869e-06,
            "count": 60
        },
        "Patrol.Losses.PolicyLoss.mean": {
            "value": 0.07006843388080597,
            "min": 0.06481144577264786,
            "max": 0.0735177993774414,
            "count": 60
        },
        "Patrol.Policy.LearningRate.mean": {
            "value": 0.0002464176213834435,
            "min": 0.0002464176213834435,
            "max": 0.0002995392133016139,
            "count": 60
        },
        "Patrol.Policy.Epsilon.mean": {
            "value": 0.18213918805122375,
            "min": 0.18213918805122375,
            "max": 0.19984640181064606,
            "count": 60
        },
        "Patrol.Policy.Beta.mean": {
            "value": 0.00821570586413145,
            "min": 0.00821570586413145,
            "max": 0.009984655305743217,
            "count": 60
        },
        "Patrol.IsTraining.mean": {
            "value": 1.0,
            "min": 1.0,
            "max": 1.0,
            "count": 60
        },
        "Patrol.Environment.EpisodeLength.mean": {
            "value": 4999.0,
            "min": 4999.0,
            "max": 4999.0,
            "count": 30
        },
        "Patrol.Environment.CumulativeReward.mean": {
            "value": 0.2622727362058041,
            "min": 0.0020000000949949026,
            "max": 0.264000007417053,
            "count": 59
        },
        "Patrol.Policy.ExtrinsicReward.mean": {
            "value": 0.2622727362058041,
            "min": 0.0020000000949949026,
            "max": 0.264000007417053,
            "count": 59
        }
    },
    "metadata": {
        "timer_format_version": "0.1.0",
        "start_time_seconds": "1599399546",
        "python_version": "3.8.3 (tags/v3.8.3:6f8c832, May 13 2020, 22:37:02) [MSC v.1924 64 bit (AMD64)]",
        "command_line_arguments": "C:\\Users\\User\\AppData\\Local\\Programs\\Python\\Python38\\Scripts\\mlagents-learn ../config/ppo/patrol_config.yaml --run-id=patrol_pathfinding_3 --initialize-from=patrol_pathfinding_2",
        "mlagents_version": "0.18.0",
        "mlagents_envs_version": "0.18.0",
        "communication_protocol_version": "1.0.0",
        "tensorflow_version": "2.2.0",
        "end_time_seconds": "1599405111"
    },
    "total": 5563.6366442,
    "count": 1,
    "self": 0.003983999999036314,
    "children": {
        "run_training.setup": {
            "total": 0.005186600000000041,
            "count": 1,
            "self": 0.005186600000000041
        },
        "TrainerController.start_learning": {
            "total": 5563.6274736000005,
            "count": 1,
            "self": 31.885231199986265,
            "children": {
                "TrainerController._reset_env": {
                    "total": 8.370078199999998,
                    "count": 1,
                    "self": 8.370078199999998
                },
                "TrainerController.advance": {
                    "total": 5522.2785648000145,
                    "count": 151560,
                    "self": 1.489796600054433,
                    "children": {
                        "env_step": {
                            "total": 5520.78876819996,
                            "count": 151560,
                            "self": 5307.865846600201,
                            "children": {
                                "SubprocessEnvManager._take_step": {
                                    "total": 211.09168489985018,
                                    "count": 151560,
                                    "self": 4.415083099727468,
                                    "children": {
                                        "NNPolicy.evaluate": {
                                            "total": 206.6766018001227,
                                            "count": 151560,
                                            "self": 206.6766018001227
                                        }
                                    }
                                },
                                "workers": {
                                    "total": 1.8312366999092067,
                                    "count": 151559,
                                    "self": 0.0,
                                    "children": {
                                        "worker_root": {
                                            "total": 5550.241296399975,
                                            "count": 151559,
                                            "is_parallel": true,
                                            "self": 445.89635979998457,
                                            "children": {
                                                "steps_from_proto": {
                                                    "total": 0.00078779999999945,
                                                    "count": 1,
                                                    "is_parallel": true,
                                                    "self": 0.00017409999999706827,
                                                    "children": {
                                                        "_process_vector_observation": {
                                                            "total": 0.0006137000000023818,
                                                            "count": 6,
                                                            "is_parallel": true,
                                                            "self": 0.0006137000000023818
                                                        }
                                                    }
                                                },
                                                "UnityEnvironment.step": {
                                                    "total": 5104.344148799991,
                                                    "count": 151559,
                                                    "is_parallel": true,
                                                    "self": 10.354303199895185,
                                                    "children": {
                                                        "UnityEnvironment._generate_step_input": {
                                                            "total": 36.306178099955034,
                                                            "count": 151559,
                                                            "is_parallel": true,
                                                            "self": 36.306178099955034
                                                        },
                                                        "communicator.exchange": {
                                                            "total": 4968.9818732000185,
                                                            "count": 151559,
                                                            "is_parallel": true,
                                                            "self": 4968.9818732000185
                                                        },
                                                        "steps_from_proto": {
                                                            "total": 88.70179430012203,
                                                            "count": 151559,
                                                            "is_parallel": true,