{
    "name": "root",
    "gauges": {
        "Patrol.Policy.Entropy.mean": {
            "value": 0.28925803303718567,
            "min": 0.2419194132089615,
            "max": 2.666346549987793,
            "count": 55
        },
        "Patrol.Policy.ExtrinsicValueEstimate.mean": {
            "value": -0.00025148416170850396,
            "min": -0.0263679139316082,
            "max": 0.01058419980108738,
            "count": 55
        },
        "Patrol.Losses.ValueLoss.mean": {
            "value": 5.703269607693073e-07,
            "min": 1.9190128597301737e-08,
            "max": 0.0007894698646850884,
            "count": 55
        },
        "Patrol.Losses.PolicyLoss.mean": {
            "value": 0.06835325062274933,
            "min": 0.06444728374481201,
            "max": 0.07320716232061386,
            "count": 55
        },
        "Patrol.Policy.LearningRate.mean": {
            "value": 0.0002509421028662473,
            "min": 0.0002509421028662473,
            "max": 0.0002995392133016139,
            "count": 55
        },
        "Patrol.Policy.Epsilon.mean": {
            "value": 0.18364736437797546,
            "min": 0.18364736437797546,
            "max": 0.19984640181064606,
            "count": 55
        },
        "Patrol.Policy.Beta.mean": {
            "value": 0.00836637057363987,
            "min": 0.00836637057363987,
            "max": 0.009984655305743217,
            "count": 55
        },
        "Patrol.IsTraining.mean": {
            "value": 1.0,
            "min": 1.0,
            "max": 1.0,
            "count": 55
        },
        "Patrol.Environment.EpisodeLength.mean": {
            "value": 9999.0,
            "min": 9999.0,
            "max": 9999.0,
            "count": 13
        },
        "Patrol.Environment.CumulativeReward.mean": {
            "value": -0.008699999096279498,
            "min": -0.6736999221611768,
            "max": -0.0028999996939091943,
            "count": 26
        },
        "Patrol.Policy.ExtrinsicReward.mean": {
            "value": -0.008699999096279498,
            "min": -0.6736999221611768,
            "max": -0.0028999996939091943,
            "count": 26
        }
    },
    "metadata": {
        "timer_format_version": "0.1.0",
        "start_time_seconds": "1599310885",
        "python_version": "3.8.3 (tags/v3.8.3:6f8c832, May 13 2020, 22:37:02) [MSC v.1924 64 bit (AMD64)]",
        "command_line_arguments": "C:\\Users\\User\\AppData\\Local\\Programs\\Python\\Python38\\Scripts\\mlagents-learn ../config/ppo/patrol_config.yaml --run-id=patrol_large_max_step_w_rotation_w_pun",
        "mlagents_version": "0.18.0",
        "mlagents_envs_version": "0.18.0",
        "communication_protocol_version": "1.0.0",
        "tensorflow_version": "2.2.0",
        "end_time_seconds": "1599316896"
    },
    "total": 6009.3131684,
    "count": 1,
    "self": 0.0037305000005289912,
    "children": {
        "run_training.setup": {
            "total": 0.004744199999999976,
            "count": 1,
            "self": 0.004744199999999976
        },
        "TrainerController.start_learning": {
            "total": 6009.3046937,
            "count": 1,
            "self": 29.75431600002321,
            "children": {
                "TrainerController._reset_env": {
                    "total": 12.1252162,
                    "count": 1,
                    "self": 12.1252162
                },
                "TrainerController.advance": {
                    "total": 5966.112245799977,
                    "count": 138210,
                    "self": 1.3734575000380573,
                    "children": {
                        "env_step": {
                            "total": 5964.738788299939,
                            "count": 138210,
                            "self": 5735.632824299899,
                            "children": {
                                "SubprocessEnvManager._take_step": {
                                    "total": 227.51287000000912,
                                    "count": 138210,
                                    "self": 4.569293499930552,
                                    "children": {
                                        "NNPolicy.evaluate": {
                                            "total": 222.94357650007856,
                                            "count": 138210,
                                            "self": 222.94357650007856
                                        }
                                    }
                                },
                                "workers": {
                                    "total": 1.5930940000315204,
                                    "count": 138209,
                                    "self": 0.0,
                                    "children": {
                                        "worker_root": {
                                            "total": 5991.963899499918,
                                            "count": 138209,
                                            "is_parallel": true,
                                            "self": 443.2978128998666,
                                            "children": {
                                                "steps_from_proto": {
                                                    "total": 0.0007403999999997524,
                                                    "count": 1,
                                                    "is_parallel": true,
                                                    "self": 0.00018020000000262826,
                                                    "children": {
                                                        "_process_vector_observation": {
                                                            "total": 0.0005601999999971241,
                                                            "count": 6,
                                                            "is_parallel": true,
                                                            "self": 0.0005601999999971241
                                                        }
                                                    }
                                                },
                                                "UnityEnvironment.step": {
                                                    "total": 5548.665346200051,
                                                    "count": 138209,
                                                    "is_parallel": true,
                                                    "self": 9.480215099940324,
                                                    "children": {
                                                        "UnityEnvironment._generate_step_input": {
                                                            "total": 34.50270860013012,
                                                            "count": 138209,
                                                            "is_parallel": true,
                                                            "self": 34.50270860013012
                                                        },
                                                        "communicator.exchange": {
                                                            "total": 5421.887805399909,
                                                            "count": 138209,
                                                            "is_parallel": true,
                                                            "self": 5421.887805399909
                                                        },
                                                        "steps_from_proto": {
                                                            "total": 82.79461710007182,
                                                            "count": 138209,
                                                            "is_parallel": true,