{
    "name": "root",
    "gauges": {
        "Patrol.Policy.Entropy.mean": {
            "value": 0.3094727694988251,
            "min": 0.2676149606704712,
            "max": 0.5385506749153137,
            "count": 38
        },
        "Patrol.Policy.ExtrinsicValueEstimate.mean": {
            "value": 0.004101265221834183,
            "min": 0.003027979051694274,
            "max": 0.006796214729547501,
            "count": 38
        },
        "Patrol.Losses.ValueLoss.mean": {
            "value": 4.125130033116875e-07,
            "min": 2.4254953245872457e-07,
            "max": 5.342342888070561e-07,
            "count": 38
        },
        "Patrol.Losses.PolicyLoss.mean": {
            "value": 0.06950245797634125,
            "min": 0.0659279152750969,
            "max": 0.07274824380874634,
            "count": 38
        },
        "Patrol.Policy.LearningRate.mean": {
            "value": 0.00026626369799487293,
            "min": 0.00026626369799487293,
            "max": 0.0002995392133016139,
            "count": 38
        },
        "Patrol.Policy.Epsilon.mean": {
            "value": 0.18875455856323242,
            "min": 0.18875455856323242,
            "max": 0.19984640181064606,
            "count": 38
        },
        "Patrol.Policy.Beta.mean": {
            "value": 0.008876579813659191,
            "min": 0.008876579813659191,
            "max": 0.009984655305743217,
            "count": 38
        },
        "Patrol.IsTraining.mean": {
            "value": 1.0,
            "min": 1.0,
            "max": 1.0,
            "count": 38
        },
        "Patrol.Environment.EpisodeLength.mean": {
            "value": 4999.0,
            "min": 4999.0,
            "max": 4999.0,
            "count": 19
        },
        "Patrol.Environment.CumulativeReward.mean": {
            "value": 0.22863637013572521,
            "min": 0.030000000726431608,
            "max": 0.27700000745244324,
            "count": 37
        },
        "Patrol.Policy.ExtrinsicReward.mean": {
            "value": 0.22863637013572521,
            "min": 0.030000000726431608,
            "max": 0.27700000745244324,
            "count": 37
        }
    },
    "metadata": {
        "timer_format_version": "0.1.0",
        "start_time_seconds": "1599407949",
        "python_version": "3.8.3 (tags/v3.8.3:6f8c832, May 13 2020, 22:37:02) [MSC v.1924 64 bit (AMD64)]",
        "command_line_arguments": "C:\\Users\\User\\AppData\\Local\\Programs\\Python\\Python38\\Scripts\\mlagents-learn ../config/ppo/patrol_config.yaml --run-id=patrol_pathfinding_5 --initialize-from=patrol_pathfinding_4",
        "mlagents_version": "0.18.0",
        "mlagents_envs_version": "0.18.0",
        "communication_protocol_version": "1.0.0",
        "tensorflow_version": "2.2.0",
        "end_time_seconds": "1599411524"
    },
    "total": 3574.9904034,
    "count": 1,
    "self": 0.003724099999999453,
    "children": {
        "run_training.setup": {
            "total": 0.004765300000000083,
            "count": 1,
            "self": 0.004765300000000083
        },
        "TrainerController.start_learning": {
            "total": 3574.981914,
            "count": 1,
            "self": 22.145291500023177,
            "children": {
                "TrainerController._reset_env": {
                    "total": 12.897833799999999,
                    "count": 1,
                    "self": 12.897833799999999
                },
                "TrainerController.advance": {
                    "total": 3538.8908253999766,
                    "count": 96880,
                    "self": 1.046324299978096,
                    "children": {
                        "env_step": {
                            "total": 3537.8445010999985,
                            "count": 96880,
                            "self": 3398.8401607000446,
                            "children": {
                                "SubprocessEnvManager._take_step": {
                                    "total": 137.8276636999819,
                                    "count": 96880,
                                    "self": 3.3726760999420264,
                                    "children": {
                                        "NNPolicy.evaluate": {
                                            "total": 134.45498760003989,
                                            "count": 96880,
                                            "self": 134.45498760003989
                                        }
                                    }
                                },
                                "workers": {
                                    "total": 1.1766766999717895,
                                    "count": 96879,
                                    "self": 0.0,
                                    "children": {
                                        "worker_root": {
                                            "total": 3558.241692300003,
                                            "count": 96879,
                                            "is_parallel": true,
                                            "self": 296.33371960005206,
                                            "children": {
                                                "steps_from_proto": {
                                                    "total": 0.0007403999999997524,
                                                    "count": 1,
                                                    "is_parallel": true,
                                                    "self": 0.0001962999999989279,
                                                    "children": {
                                                        "_process_vector_observation": {
                                                            "total": 0.0005441000000008245,
                                                            "count": 6,
                                                            "is_parallel": true,
                                                            "self": 0.0005441000000008245
                                                        }
                                                    }
                                                },
                                                "UnityEnvironment.step": {
                                                    "total": 3261.907232299951,
                                                    "count": 96879,
                                                    "is_parallel": true,
                                                    "self": 6.977346599916473,
                                                    "children": {
                                                        "UnityEnvironment._generate_step_input": {
                                                            "total": 23.539373499976293,
                                                            "count": 96879,
                                                            "is_parallel": true,
                                                            "self": 23.539373499976293
                                                        },
                                                        "communicator.exchange": {
                                                            "total": 3172.832044999978,
                                                            "count": 96879,
                                                            "is_parallel": true,
                                                            "self": 3172.832044999978
                                                        },
                                                        "steps_from_proto": {
                                                            "total": 58.55846720008065,
                                                            "count": 96879,
                                                            "is_parallel": true,