{
    "name": "root",
    "gauges": {
        "Patrol.Policy.Entropy.mean": {
            "value": 0.5443490147590637,
            "min": 0.32287758588790894,
            "max": 0.8409723043441772,
            "count": 29
        },
        "Patrol.Policy.ExtrinsicValueEstimate.mean": {
            "value": 0.0043456717394292355,
            "min": 0.002414425602182746,
            "max": 0.0057567390613257885,
            "count": 29
        },
        "Patrol.Losses.ValueLoss.mean": {
            "value": 5.02342231811781e-07,
            "min": 2.1376361303282465e-07,
            "max": 5.185844429433928e-07,
            "count": 29
        },
        "Patrol.Losses.PolicyLoss.mean": {
            "value": 0.07118366658687592,
            "min": 0.0659889429807663,
            "max": 0.07297758758068085,
            "count": 29
        },
        "Patrol.Policy.LearningRate.mean": {
            "value": 0.0002743392251431942,
            "min": 0.0002743392251431942,
            "max": 0.0002994996611960232,
            "count": 29
        },
        "Patrol.Policy.Epsilon.mean": {
            "value": 0.19144639372825623,
            "min": 0.19144639372825623,
            "max": 0.1998332142829895,
            "count": 29
        },
        "Patrol.Policy.Beta.mean": {
            "value": 0.009145495481789112,
            "min": 0.009145495481789112,
            "max": 0.009983338415622711,
            "count": 29
        },
        "Patrol.IsTraining.mean": {
            "value": 1.0,
            "min": 1.0,
            "max": 1.0,
            "count": 29
        },
        "Patrol.Environment.EpisodeLength.mean": {
            "value": 4999.0,
            "min": 4999.0,
            "max": 4999.0,
            "count": 14
        },
        "Patrol.Environment.CumulativeReward.mean": {
            "value": 0.1940000040922314,
            "min": 0.11500000429805368,
            "max": 0.2530000063125044,
            "count": 28
        },
        "Patrol.Policy.ExtrinsicReward.mean": {
            "value": 0.1940000040922314,
            "min": 0.11500000429805368,
            "max": 0.2530000063125044,
            "count": 28
        }
    },
    "metadata": {
        "timer_format_version": "0.1.0",
        "start_time_seconds": "1599405134",
        "python_version": "3.8.3 (tags/v3.8.3:6f8c832, May 13 2020, 22:37:02) [MSC v.1924 64 bit (AMD64)]",
        "command_line_arguments": "C:\\Users\\User\\AppData\\Local\\Programs\\Python\\Python38\\Scripts\\mlagents-learn ../config/ppo/patrol_config.yaml --run-id=patrol_pathfinding_4 --initialize-from=patrol_pathfinding_3",
        "mlagents_version": "0.18.0",
        "mlagents_envs_version": "0.18.0",
        "communication_protocol_version": "1.0.0",
        "tensorflow_version": "2.2.0",
        "end_time_seconds": "1599407907"
    },
    "total": 2773.4525143,
    "count": 1,
    "self": 0.004253799999787589,
    "children": {
        "run_training.setup": {
            "total": 0.005176599999999976,
            "count": 1,
            "self": 0.005176599999999976
        },
        "TrainerController.start_learning": {
            "total": 2773.4430839,
            "count": 1,
            "self": 16.64311750004208,
            "children": {
                "TrainerController._reset_env": {
                    "total": 10.5346224,
                    "count": 1,
                    "self": 10.5346224
                },
                "TrainerController.advance": {
                    "total": 2745.1935393999584,
                    "count": 74440,
                    "self": 0.689837999953852,
                    "children": {
                        "env_step": {
                            "total": 2744.5037014000045,
                            "count": 74440,
                            "self": 2640.197448200008,
                            "children": {
                                "SubprocessEnvManager._take_step": {
                                    "total": 103.46559569998897,
                                    "count": 74440,
                                    "self": 2.162647999913389,
                                    "children": {
                                        "NNPolicy.evaluate": {
                                            "total": 101.30294770007558,
                                            "count": 74440,
                                            "self": 101.30294770007558
                                        }
                                    }
                                },
                                "workers": {
                                    "total": 0.8406575000077527,
                                    "count": 74439,
                                    "self": 0.0,
                                    "children": {
                                        "worker_root": {
                                            "total": 2759.6931842999807,
                                            "count": 74439,
                                            "is_parallel": true,
                                            "self": 221.49355150000383,
                                            "children": {
                                                "steps_from_proto": {
                                                    "total": 0.0007520999999997002,
                                                    "count": 1,
                                                    "is_parallel": true,
                                                    "self": 0.0001762000000002928,
                                                    "children": {
                                                        "_process_vector_observation": {
                                                            "total": 0.0005758999999994074,
                                                            "count": 6,
                                                            "is_parallel": true,
                                                            "self": 0.0005758999999994074
                                                        }
                                                    }
                                                },
                                                "UnityEnvironment.step": {
                                                    "total": 2538.1988806999766,
                                                    "count": 74439,
                                                    "is_parallel": true,
                                                    "self": 5.024255699904643,
                                                    "children": {
                                                        "UnityEnvironment._generate_step_input": {
                                                            "total": 17.894155400026158,
                                                            "count": 74439,
                                                            "is_parallel": true,
                                                            "self": 17.894155400026158
                                                        },
                                                        "communicator.exchange": {
                                                            "total": 2471.671380499983,
                                                            "count": 74439,
                                                            "is_parallel": true,
                                                            "self": 2471.671380499983
                                                        },
                                                        "steps_from_proto": {
                                                            "total": 43.60908910006251,
                                                            "count": 74439,
                                                            "is_parallel": true,