{
    "name": "root",
    "gauges": {
        "Spy.Policy.Entropy.mean": {
            "value": 0.782665491104126,
            "min": 0.516141951084137,
            "max": 1.0047718286514282,
            "count": 1295
        },
        "Spy.Environment.Lesson.PathFinding.mean": {
            "value": 15.0,
            "min": 15.0,
            "max": 15.0,
            "count": 1295
        },
        "Spy.Environment.EpisodeLength.mean": {
            "value": 262.43564356435644,
            "min": 107.69811320754717,
            "max": 774.5416666666666,
            "count": 1295
        },
        "Spy.Policy.ExtrinsicValueEstimate.mean": {
            "value": 0.11854152381420135,
            "min": -0.01567048206925392,
            "max": 0.2700643241405487,
            "count": 1295
        },
        "Spy.Policy.CuriosityValueEstimate.mean": {
            "value": 0.1836453676223755,
            "min": 0.1772768348455429,
            "max": 0.5282726883888245,
            "count": 1295
        },
        "Spy.Environment.CumulativeReward.mean": {
            "value": 0.6224156630535921,
            "min": -0.388485146805327,
            "max": 0.8954081571831995,
            "count": 1295
        },
        "Spy.Policy.ExtrinsicReward.mean": {
            "value": 0.6224156630535921,
            "min": -0.388485146805327,
            "max": 0.8954081571831995,
            "count": 1295
        },
        "Spy.Policy.CuriosityReward.mean": {
            "value": 0.43414068606387657,
            "min": 0.1922322137908516,
            "max": 5.224637952594797,
            "count": 1295
        },
        "Spy.Losses.ValueLoss.mean": {
            "value": 0.0027532135136425495,
            "min": 0.0015013843076303601,
            "max": 1.118460774421692,
            "count": 1295
        },
        "Spy.Losses.PolicyLoss.mean": {
            "value": 0.4320993721485138,
            "min": 0.23713213205337524,
            "max": 0.4695582389831543,
            "count": 1295
        },
        "Spy.Policy.LearningRate.mean": {
            "value": 3.355484295752831e-05,
            "min": 3.355484295752831e-05,
            "max": 0.0001499819045420736,
            "count": 1295
        },
        "Spy.Policy.Epsilon.mean": {
            "value": 0.11118491739034653,
            "min": 0.11118491739034653,
            "max": 0.14999394118785858,
            "count": 1295
        },
        "Spy.Policy.Beta.mean": {
            "value": 0.0011273733107373118,
            "min": 0.0011273733107373118,
            "max": 0.005004395265132189,
            "count": 1295
        },
        "Spy.Losses.CuriosityForwardLoss.mean": {
            "value": 0.007412488106638193,
            "min": 0.0066625382751226425,
            "max": 0.23468969762325287,
            "count": 1295
        },
        "Spy.Losses.CuriosityInverseLoss.mean": {
            "value": 0.0016870371764525771,
            "min": 0.0009746135328896344,
            "max": 0.13185535371303558,
            "count": 1295
        },
        "Spy.IsTraining.mean": {
            "value": 1.0,
            "min": 1.0,
            "max": 1.0,
            "count": 1295
        }
    },
    "metadata": {
        "timer_format_version": "0.1.0",
        "start_time_seconds": "1598689062",
        "python_version": "3.8.3 (tags/v3.8.3:6f8c832, May 13 2020, 22:37:02) [MSC v.1924 64 bit (AMD64)]",
        "command_line_arguments": "C:\\Users\\User\\AppData\\Local\\Programs\\Python\\Python38\\Scripts\\mlagents-learn ../config/ppo/spy_pathfinding_curriculum.yaml --run-id=spy_pathfinding_cnn --resume",
        "mlagents_version": "0.18.0",
        "mlagents_envs_version": "0.18.0",
        "communication_protocol_version": "1.0.0",
        "tensorflow_version": "2.2.0",
        "end_time_seconds": "1598775340"
    },
    "total": 86276.99423930001,
    "count": 1,
    "self": 0.022062300005927682,
    "children": {
        "run_training.setup": {
            "total": 0.005381400000000092,
            "count": 1,
            "self": 0.005381400000000092
        },
        "TrainerController.start_learning": {
            "total": 86276.9667956,
            "count": 1,
            "self": 402.5927492959163,
            "children": {
                "TrainerController._reset_env": {
                    "total": 14.464448099999998,
                    "count": 1,
                    "self": 14.464448099999998
                },
                "TrainerController.advance": {
                    "total": 85857.12319960409,
                    "count": 848154,
                    "self": 21.23386920239136,
                    "children": {
                        "env_step": {
                            "total": 85835.8893304017,
                            "count": 848154,
                            "self": 83070.323997597,
                            "children": {
                                "SubprocessEnvManager._take_step": {
                                    "total": 2755.1711185035037,
                                    "count": 848154,
                                    "self": 65.82986180727903,
                                    "children": {
                                        "NNPolicy.evaluate": {
                                            "total": 2689.3412566962247,
                                            "count": 719260,
                                            "self": 2689.3412566962247
                                        }
                                    }
                                },
                                "workers": {
                                    "total": 10.39421430118427,
                                    "count": 848153,
                                    "self": 0.0,
                                    "children": {
                                        "worker_root": {
                                            "total": 86234.74403300163,
                                            "count": 848153,
                                            "is_parallel": true,
                                            "self": 46388.867318101395,
                                            "children": {
                                                "steps_from_proto": {
                                                    "total": 0.0019156000000002393,
                                                    "count": 1,
                                                    "is_parallel": true,
                                                    "self": 0.00027669999999879735,
                                                    "children": {
                                                        "_process_vector_observation": {
                                                            "total": 0.001638900000001442,
                                                            "count": 4,
                                                            "is_parallel": true,
                                                            "self": 0.001638900000001442
                                                        }
                                                    }
                                                },
                                                "UnityEnvironment.step": {
                                                    "total": 39845.87479930023,
                                                    "count": 848153,
                                                    "is_parallel": true,
                                                    "self": 120.4971585021558,
                                                    "children": {
                                                        "UnityEnvironment._generate_step_input": {
                                                            "total": 724.4858456997116,
                                                            "count": 848153,