{
    "name": "root",
    "gauges": {
        "Patrol.Policy.Entropy.mean": {
            "value": 0.008554944768548012,
            "min": 0.0012797132367268205,
            "max": 2.6719295978546143,
            "count": 21
        },
        "Patrol.Policy.ExtrinsicValueEstimate.mean": {
            "value": 0.00896473415195942,
            "min": -0.005614104215055704,
            "max": 0.18748825788497925,
            "count": 21
        },
        "Patrol.Losses.ValueLoss.mean": {
            "value": 9.353732821182348e-06,
            "min": 3.2195593746564555e-08,
            "max": 0.0016997447237372398,
            "count": 21
        },
        "Patrol.Losses.PolicyLoss.mean": {
            "value": 0.06921875476837158,
            "min": 0.06545887142419815,
            "max": 0.07255800813436508,
            "count": 21
        },
        "Patrol.Policy.LearningRate.mean": {
            "value": 0.0002815391926560551,
            "min": 0.0002815391926560551,
            "max": 0.0002995392133016139,
            "count": 21
        },
        "Patrol.Policy.Epsilon.mean": {
            "value": 0.19384640455245972,
            "min": 0.19384640455245972,
            "max": 0.19984640181064606,
            "count": 21
        },
        "Patrol.Policy.Beta.mean": {
            "value": 0.009385254234075546,
            "min": 0.009385254234075546,
            "max": 0.009984655305743217,
            "count": 21
        },
        "Patrol.IsTraining.mean": {
            "value": 1.0,
            "min": 1.0,
            "max": 1.0,
            "count": 21
        },
        "Patrol.Environment.EpisodeLength.mean": {
            "value": 9999.0,
            "min": 9999.0,
            "max": 9999.0,
            "count": 5
        },
        "Patrol.Environment.CumulativeReward.mean": {
            "value": 0.9814997807843611,
            "min": 0.14898181276856287,
            "max": 0.9814997807843611,
            "count": 10
        },
        "Patrol.Policy.ExtrinsicReward.mean": {
            "value": 0.9814997807843611,
            "min": 0.14898181276856287,
            "max": 0.9814997807843611,
            "count": 10
        }
    },
    "metadata": {
        "timer_format_version": "0.1.0",
        "start_time_seconds": "1599308393",
        "python_version": "3.8.3 (tags/v3.8.3:6f8c832, May 13 2020, 22:37:02) [MSC v.1924 64 bit (AMD64)]",
        "command_line_arguments": "C:\\Users\\User\\AppData\\Local\\Programs\\Python\\Python38\\Scripts\\mlagents-learn ../config/ppo/patrol_config.yaml --run-id=patrol_large_max_step_w_rotation",
        "mlagents_version": "0.18.0",
        "mlagents_envs_version": "0.18.0",
        "communication_protocol_version": "1.0.0",
        "tensorflow_version": "2.2.0",
        "end_time_seconds": "1599310708"
    },
    "total": 2314.8603569,
    "count": 1,
    "self": 0.003566800000044168,
    "children": {
        "run_training.setup": {
            "total": 0.005638500000000102,
            "count": 1,
            "self": 0.005638500000000102
        },
        "TrainerController.start_learning": {
            "total": 2314.8511516000003,
            "count": 1,
            "self": 12.331911200027207,
            "children": {
                "TrainerController._reset_env": {
                    "total": 9.671216900000001,
                    "count": 1,
                    "self": 9.671216900000001
                },
                "TrainerController.advance": {
                    "total": 2291.535740699973,
                    "count": 53100,
                    "self": 0.5222093999796016,
                    "children": {
                        "env_step": {
                            "total": 2291.0135312999932,
                            "count": 53100,
                            "self": 2201.5880892999917,
                            "children": {
                                "SubprocessEnvManager._take_step": {
                                    "total": 88.81985139999416,
                                    "count": 53100,
                                    "self": 1.523878599981387,
                                    "children": {
                                        "NNPolicy.evaluate": {
                                            "total": 87.29597280001278,
                                            "count": 53100,
                                            "self": 87.29597280001278
                                        }
                                    }
                                },
                                "workers": {
                                    "total": 0.6055906000076039,
                                    "count": 53099,
                                    "self": 0.0,
                                    "children": {
                                        "worker_root": {
                                            "total": 2302.1179998000143,
                                            "count": 53099,
                                            "is_parallel": true,
                                            "self": 173.01241260002553,
                                            "children": {
                                                "steps_from_proto": {
                                                    "total": 0.0006732000000013727,
                                                    "count": 1,
                                                    "is_parallel": true,
                                                    "self": 0.0001562000000028263,
                                                    "children": {
                                                        "_process_vector_observation": {
                                                            "total": 0.0005169999999985464,
                                                            "count": 6,
                                                            "is_parallel": true,
                                                            "self": 0.0005169999999985464
                                                        }
                                                    }
                                                },
                                                "UnityEnvironment.step": {
                                                    "total": 2129.1049139999886,
                                                    "count": 53099,
                                                    "is_parallel": true,
                                                    "self": 3.6236906000390263,
                                                    "children": {
                                                        "UnityEnvironment._generate_step_input": {
                                                            "total": 13.14694780000802,
                                                            "count": 53099,
                                                            "is_parallel": true,
                                                            "self": 13.14694780000802
                                                        },
                                                        "communicator.exchange": {
                                                            "total": 2080.86567539999,
                                                            "count": 53099,
                                                            "is_parallel": true,
                                                            "self": 2080.86567539999
                                                        },
                                                        "steps_from_proto": {
                                                            "total": 31.468600199951695,
                                                            "count": 53099,
                                                            "is_parallel": true,