{
    "name": "root",
    "gauges": {
        "Patrol.Policy.Entropy.mean": {
            "value": 0.396349161863327,
            "min": 0.24136444926261902,
            "max": 0.7612786889076233,
            "count": 52
        },
        "Patrol.Policy.ExtrinsicValueEstimate.mean": {
            "value": 0.0030642168130725622,
            "min": 0.0025091813877224922,
            "max": 0.005222029518336058,
            "count": 52
        },
        "Patrol.Losses.ValueLoss.mean": {
            "value": 3.378109454388323e-07,
            "min": 2.5580342821740487e-07,
            "max": 5.754225753662467e-07,
            "count": 52
        },
        "Patrol.Losses.PolicyLoss.mean": {
            "value": 0.06953773647546768,
            "min": 0.062444962561130524,
            "max": 0.07453528791666031,
            "count": 52
        },
        "Patrol.Policy.LearningRate.mean": {
            "value": 0.0002536176180001348,
            "min": 0.0002536176180001348,
            "max": 0.0002995392133016139,
            "count": 52
        },
        "Patrol.Policy.Epsilon.mean": {
            "value": 0.18453919887542725,
            "min": 0.18453919887542725,
            "max": 0.19984640181064606,
            "count": 52
        },
        "Patrol.Policy.Beta.mean": {
            "value": 0.00845546554774046,
            "min": 0.00845546554774046,
            "max": 0.009984655305743217,
            "count": 52
        },
        "Patrol.IsTraining.mean": {
            "value": 1.0,
            "min": 1.0,
            "max": 1.0,
            "count": 52
        },
        "Patrol.Environment.EpisodeLength.mean": {
            "value": 4999.0,
            "min": 4999.0,
            "max": 4999.0,
            "count": 26
        },
        "Patrol.Environment.CumulativeReward.mean": {
            "value": 0.18209091410972178,
            "min": 0.06000000180210918,
            "max": 0.26400000508874655,
            "count": 51
        },
        "Patrol.Policy.ExtrinsicReward.mean": {
            "value": 0.18209091410972178,
            "min": 0.06000000180210918,
            "max": 0.26400000508874655,
            "count": 51
        }
    },
    "metadata": {
        "timer_format_version": "0.1.0",
        "start_time_seconds": "1599412879",
        "python_version": "3.8.3 (tags/v3.8.3:6f8c832, May 13 2020, 22:37:02) [MSC v.1924 64 bit (AMD64)]",
        "command_line_arguments": "C:\\Users\\User\\AppData\\Local\\Programs\\Python\\Python38\\Scripts\\mlagents-learn ../config/ppo/patrol_config.yaml --run-id=patrol_pathfinding_7 --initialize-from=patrol_pathfinding_6",
        "mlagents_version": "0.18.0",
        "mlagents_envs_version": "0.18.0",
        "communication_protocol_version": "1.0.0",
        "tensorflow_version": "2.2.0",
        "end_time_seconds": "1599417312"
    },
    "total": 4433.0375658,
    "count": 1,
    "self": 0.0038927000014155055,
    "children": {
        "run_training.setup": {
            "total": 0.005567400000000111,
            "count": 1,
            "self": 0.005567400000000111
        },
        "TrainerController.start_learning": {
            "total": 4433.028105699999,
            "count": 1,
            "self": 26.78732010008298,
            "children": {
                "TrainerController._reset_env": {
                    "total": 5.7433179,
                    "count": 1,
                    "self": 5.7433179
                },
                "TrainerController.advance": {
                    "total": 4399.495266299916,
                    "count": 131587,
                    "self": 1.2933853998747509,
                    "children": {
                        "env_step": {
                            "total": 4398.201880900041,
                            "count": 131587,
                            "self": 4221.796619600078,
                            "children": {
                                "SubprocessEnvManager._take_step": {
                                    "total": 174.9066335999929,
                                    "count": 131587,
                                    "self": 4.242002200074182,
                                    "children": {
                                        "NNPolicy.evaluate": {
                                            "total": 170.6646313999187,
                                            "count": 131587,
                                            "self": 170.6646313999187
                                        }
                                    }
                                },
                                "workers": {
                                    "total": 1.498627699970637,
                                    "count": 131586,
                                    "self": 0.0,
                                    "children": {
                                        "worker_root": {
                                            "total": 4422.868911900091,
                                            "count": 131586,
                                            "is_parallel": true,
                                            "self": 389.42841680017,
                                            "children": {
                                                "steps_from_proto": {
                                                    "total": 0.0007124999999996717,
                                                    "count": 1,
                                                    "is_parallel": true,
                                                    "self": 0.0001640999999992232,
                                                    "children": {
                                                        "_process_vector_observation": {
                                                            "total": 0.0005484000000004485,
                                                            "count": 6,
                                                            "is_parallel": true,
                                                            "self": 0.0005484000000004485
                                                        }
                                                    }
                                                },
                                                "UnityEnvironment.step": {
                                                    "total": 4033.439782599921,
                                                    "count": 131586,
                                                    "is_parallel": true,
                                                    "self": 9.179525599834506,
                                                    "children": {
                                                        "UnityEnvironment._generate_step_input": {
                                                            "total": 31.649852599964284,
                                                            "count": 131586,
                                                            "is_parallel": true,
                                                            "self": 31.649852599964284
                                                        },
                                                        "communicator.exchange": {
                                                            "total": 3915.219982900068,
                                                            "count": 131586,
                                                            "is_parallel": true,
                                                            "self": 3915.219982900068
                                                        },
                                                        "steps_from_proto": {
                                                            "total": 77.39042150005412,
                                                            "count": 131586,
                                                            "is_parallel": true,