{"count":1,"self":5030.0186624,"total":18123.2419853,"children":{"AgentSendState":{"count":2778200,"self":312.1812992,"total":2476.0991741,"children":{"CollectObservations":{"count":10001520,"self":1427.2686079999999,"total":1427.2686551,"children":null},"CollectDiscreteActionMasks":{"count":10001520,"self":42.8570016,"total":42.857002699999995,"children":null},"AgentInfo.ToProto":{"count":10001520,"self":108.19479039999999,"total":693.7922285,"children":{"GenerateSensorData":{"count":10001520,"self":204.2845056,"total":585.5974443,"children":{"RayPerceptionSensor.Perceive":{"count":10001520,"self":381.3129472,"total":381.312936,"children":null}}}}}}},"DecideAction":{"count":2778200,"self":9974.7561472,"total":9974.7563531,"children":null},"AgentAct":{"count":2778200,"self":641.07391999999993,"total":642.36685219999993,"children":{"AgentInfo.ToProto":{"count":14867,"self":0.2250247,"total":1.2929348999999999,"children":{"GenerateSensorData":{"count":14867,"self":0.3409949,"total":1.0679102,"children":{"RayPerceptionSensor.Perceive":{"count":14867,"self":0.72691529999999993,"total":0.72691529999999993,"children":null}}}}}}}},"gauges":{"Spy.CumulativeReward":{"count":14867,"max":0.9895,"min":-1.00005352,"runningAverage":0.4209978,"value":-1.00005352,"weightedAverage":0.257543683}},"metadata":{"timer_format_version":"0.1.0","start_time_seconds":"1597500069","unity_version":"2019.4.0f1","command_line_arguments":"C:\\Program Files\\Unity\\Hub\\Editor\\2019.4.0f1\\Editor\\Unity.exe -projectpath C:\/Users\/User\/Documents\/Unity_Projects\/Ml-Agents-Spy\/Ml-Agents-Spy -useHub -hubIPC -cloudEnvironment production -hubSessionId 58482020-dbca-11ea-b5ae-014bf8e6976a -accessToken -xAYRKhUAtsh68jnfegfGlx4Dn-7TLqzJUQxNy7bDD8005f","communication_protocol_version":"1.0.0","com.unity.ml-agents_version":"1.0.2","scene_name":"AdvancedPathfindingCurrSpy","end_time_seconds":"1597518192"}}