{
    "name": "root",
    "gauges": {
        "Patrol.Policy.Entropy.mean": {
            "value": 1.7301579713821411,
            "min": 1.5773829221725464,
            "max": 2.676330327987671,
            "count": 59
        },
        "Patrol.Policy.ExtrinsicValueEstimate.mean": {
            "value": 0.018968595191836357,
            "min": -0.014258889481425285,
            "max": 0.03261502459645271,
            "count": 59
        },
        "Patrol.Policy.CuriosityValueEstimate.mean": {
            "value": 0.9884711503982544,
            "min": 0.10843553394079208,
            "max": 4.134030818939209,
            "count": 59
        },
        "Patrol.Losses.ValueLoss.mean": {
            "value": 0.002673699054867029,
            "min": 0.002673699054867029,
            "max": 0.44964855909347534,
            "count": 59
        },
        "Patrol.Losses.PolicyLoss.mean": {
            "value": 0.06687702238559723,
            "min": 0.06619485467672348,
            "max": 0.07488997280597687,
            "count": 59
        },
        "Patrol.Policy.LearningRate.mean": {
            "value": 0.0002473921631462872,
            "min": 0.0002473921631462872,
            "max": 0.0002995468967128545,
            "count": 59
        },
        "Patrol.Policy.Epsilon.mean": {
            "value": 0.18246406316757202,
            "min": 0.18246406316757202,
            "max": 0.1998489499092102,
            "count": 59
        },
        "Patrol.Policy.Beta.mean": {
            "value": 0.008248159661889076,
            "min": 0.008248159661889076,
            "max": 0.009984911419451237,
            "count": 59
        },
        "Patrol.Losses.CuriosityForwardLoss.mean": {
            "value": 0.06492854654788971,
            "min": 0.06492854654788971,
            "max": 0.34995970129966736,
            "count": 59
        },
        "Patrol.Losses.CuriosityInverseLoss.mean": {
            "value": 0.17238610982894897,
            "min": 0.13442958891391754,
            "max": 2.670182228088379,
            "count": 59
        },
        "Patrol.Environment.EpisodeLength.mean": {
            "value": 999.0,
            "min": 999.0,
            "max": 999.0,
            "count": 59
        },
        "Patrol.Environment.CumulativeReward.mean": {
            "value": 0.19804000256583096,
            "min": 0.18400000063037233,
            "max": 0.32732000831514596,
            "count": 59
        },
        "Patrol.Policy.ExtrinsicReward.mean": {
            "value": 0.19804000256583096,
            "min": 0.18400000063037233,
            "max": 0.32732000831514596,
            "count": 59
        },
        "Patrol.Policy.CuriosityReward.mean": {
            "value": 9.359109542369843,
            "min": 6.098376229405403,
            "max": 41.11157231330871,
            "count": 59
        },
        "Patrol.IsTraining.mean": {
            "value": 1.0,
            "min": 1.0,
            "max": 1.0,
            "count": 59
        }
    },
    "metadata": {
        "timer_format_version": "0.1.0",
        "start_time_seconds": "1599232767",
        "python_version": "3.8.3 (tags/v3.8.3:6f8c832, May 13 2020, 22:37:02) [MSC v.1924 64 bit (AMD64)]",
        "command_line_arguments": "C:\\Users\\User\\AppData\\Local\\Programs\\Python\\Python38\\Scripts\\mlagents-learn ../config/ppo/patrol_config.yaml --run-id=patrol_randomised_03",
        "mlagents_version": "0.18.0",
        "mlagents_envs_version": "0.18.0",
        "communication_protocol_version": "1.0.0",
        "tensorflow_version": "2.2.0",
        "end_time_seconds": "1599237862"
    },
    "total": 5094.6863982,
    "count": 1,
    "self": 0.004639900000256603,
    "children": {
        "run_training.setup": {
            "total": 0.004953599999999891,
            "count": 1,
            "self": 0.004953599999999891
        },
        "TrainerController.start_learning": {
            "total": 5094.6768047000005,
            "count": 1,
            "self": 35.167495600011534,
            "children": {
                "TrainerController._reset_env": {
                    "total": 5.188462400000001,
                    "count": 1,
                    "self": 5.188462400000001
                },
                "TrainerController.advance": {
                    "total": 5052.282797599988,
                    "count": 148417,
                    "self": 1.6123525999237245,
                    "children": {
                        "env_step": {
                            "total": 5050.670445000064,
                            "count": 148417,
                            "self": 4783.234865800091,
                            "children": {
                                "SubprocessEnvManager._take_step": {
                                    "total": 265.6522709000436,
                                    "count": 148417,
                                    "self": 5.308313100057148,
                                    "children": {
                                        "NNPolicy.evaluate": {
                                            "total": 260.34395779998647,
                                            "count": 148417,
                                            "self": 260.34395779998647
                                        }
                                    }
                                },
                                "workers": {
                                    "total": 1.7833082999298995,
                                    "count": 148416,
                                    "self": 0.0,
                                    "children": {
                                        "worker_root": {
                                            "total": 5082.982059700125,
                                            "count": 148416,
                                            "is_parallel": true,
                                            "self": 550.0257600000314,
                                            "children": {
                                                "steps_from_proto": {
                                                    "total": 0.0009715000000003471,
                                                    "count": 1,
                                                    "is_parallel": true,
                                                    "self": 0.0002393999999998897,
                                                    "children": {
                                                        "_process_vector_observation": {
                                                            "total": 0.0007321000000004574,
                                                            "count": 6,
                                                            "is_parallel": true,
                                                            "self": 0.0007321000000004574
                                                        }
                                                    }
                                                },
                                                "UnityEnvironment.step": {
                                                    "total": 4532.955328200094,
                                                    "count": 148416,
                                                    "is_parallel": true,
                                                    "self": 11.681712600011451,
                                                    "children": {
                                                        "UnityEnvironment._generate_step_input": {
                                                            "total": 38.731968700092324,
                                                            "count": 148416,
                                                            "is_parallel": true,
                                                            "self": 38.731968700092324
                                                        },