{
    "name": "root",
    "gauges": {
        "Spy.Policy.Entropy.mean": {
            "value": 0.42966195940971375,
            "min": 0.00019750707724597305,
            "max": 1.5786195993423462,
            "count": 1000
        },
        "Spy.Environment.Lesson.PathFinding.mean": {
            "value": 16.0,
            "min": 0.0,
            "max": 16.0,
            "count": 1000
        },
        "Spy.Environment.EpisodeLength.mean": {
            "value": 220.66666666666666,
            "min": 26.423529411764704,
            "max": 987.8260869565217,
            "count": 1000
        },
        "Spy.Policy.ExtrinsicValueEstimate.mean": {
            "value": 0.30428117513656616,
            "min": -0.1014508605003357,
            "max": 0.8176937103271484,
            "count": 1000
        },
        "Spy.Policy.CuriosityValueEstimate.mean": {
            "value": 0.2623731791973114,
            "min": 0.002846748335286975,
            "max": 10.241671562194824,
            "count": 1000
        },
        "Spy.Environment.CumulativeReward.mean": {
            "value": 0.6909386708136023,
            "min": -0.9423273226076906,
            "max": 0.9733837122140929,
            "count": 1000
        },
        "Spy.Policy.ExtrinsicReward.mean": {
            "value": 0.6909386708136023,
            "min": -0.9423273226076906,
            "max": 0.9733837122140929,
            "count": 1000
        },
        "Spy.Policy.CuriosityReward.mean": {
            "value": 0.3649682171583723,
            "min": 0.05468230704665184,
            "max": 7.931000139936804,
            "count": 1000
        },
        "Spy.Losses.ValueLoss.mean": {
            "value": 0.0040024952031672,
            "min": 0.0001077635315596126,
            "max": 1.0857601165771484,
            "count": 1000
        },
        "Spy.Losses.PolicyLoss.mean": {
            "value": 0.0691436156630516,
            "min": 0.06301834434270859,
            "max": 0.08039765805006027,
            "count": 1000
        },
        "Spy.Policy.LearningRate.mean": {
            "value": 1.5084607696280727e-07,
            "min": 1.5084607696280727e-07,
            "max": 0.0002998411364387721,
            "count": 1000
        },
        "Spy.Policy.Epsilon.mean": {
            "value": 0.10005024820566177,
            "min": 0.10005024820566177,
            "max": 0.1999470591545105,
            "count": 1000
        },
        "Spy.Policy.Beta.mean": {
            "value": 1.5019845704955515e-05,
            "min": 1.5019845704955515e-05,
            "max": 0.009994708932936192,
            "count": 1000
        },
        "Spy.Losses.CuriosityForwardLoss.mean": {
            "value": 0.0059439195320010185,
            "min": 0.00010416646546218544,
            "max": 0.3560120463371277,
            "count": 1000
        },
        "Spy.Losses.CuriosityInverseLoss.mean": {
            "value": 0.0030421321280300617,
            "min": 2.6362312155470136e-07,
            "max": 1.2857418060302734,
            "count": 1000
        },
        "Spy.IsTraining.mean": {
            "value": 1.0,
            "min": 1.0,
            "max": 1.0,
            "count": 1000
        }
    },
    "metadata": {
        "timer_format_version": "0.1.0",
        "start_time_seconds": "1598518654",
        "python_version": "3.8.3 (tags/v3.8.3:6f8c832, May 13 2020, 22:37:02) [MSC v.1924 64 bit (AMD64)]",
        "command_line_arguments": "C:\\Users\\User\\AppData\\Local\\Programs\\Python\\Python38\\Scripts\\mlagents-learn ../config/ppo/spy_pathfinding_curriculum.yaml --run-id=spy_pathfinding_double_trail",
        "mlagents_version": "0.18.0",
        "mlagents_envs_version": "0.18.0",
        "communication_protocol_version": "1.0.0",
        "tensorflow_version": "2.2.0",
        "end_time_seconds": "1598561797"
    },
    "total": 43141.2642748,
    "count": 1,
    "self": 0.3921136000062688,
    "children": {
        "run_training.setup": {
            "total": 0.005183600000000066,
            "count": 1,
            "self": 0.005183600000000066
        },
        "TrainerController.start_learning": {
            "total": 43140.866977599995,
            "count": 1,
            "self": 267.4549980021693,
            "children": {
                "TrainerController._reset_env": {
                    "total": 16.475825399998882,
                    "count": 17,
                    "self": 16.475825399998882
                },
                "TrainerController.advance": {
                    "total": 42855.32975369783,
                    "count": 712281,
                    "self": 13.803953098176862,
                    "children": {
                        "env_step": {
                            "total": 42841.52580059965,
                            "count": 712281,
                            "self": 41914.10888570321,
                            "children": {
                                "SubprocessEnvManager._take_step": {
                                    "total": 919.4019994981363,
                                    "count": 712281,
                                    "self": 29.2550787977475,
                                    "children": {
                                        "NNPolicy.evaluate": {
                                            "total": 890.1469207003888,
                                            "count": 556260,
                                            "self": 890.1469207003888
                                        }
                                    }
                                },
                                "workers": {
                                    "total": 8.014915398309721,
                                    "count": 712281,
                                    "self": 0.0,
                                    "children": {
                                        "worker_root": {
                                            "total": 43112.168526999274,
                                            "count": 712281,
                                            "is_parallel": true,
                                            "self": 2789.188758500437,
                                            "children": {
                                                "steps_from_proto": {
                                                    "total": 0.04487130000160189,
                                                    "count": 17,
                                                    "is_parallel": true,
                                                    "self": 0.003910000000548308,
                                                    "children": {
                                                        "_process_vector_observation": {
                                                            "total": 0.04096130000105358,
                                                            "count": 68,
                                                            "is_parallel": true,
                                                            "self": 0.04096130000105358
                                                        }
                                                    }
                                                },
                                                "UnityEnvironment.step": {
                                                    "total": 40322.93489719884,
                                                    "count": 712281,
                                                    "is_parallel": true,
                                                    "self": 106.79967719777778,
                                                    "children": {
                                                        "UnityEnvironment._generate_step_input": {
                                                            "total": 552.321094500372,
                                                            "count": 712281,