{
    "name": "root",
    "gauges": {
        "Spy.Policy.Entropy.mean": {
            "value": 1.075148105621338,
            "min": 0.671271800994873,
            "max": 1.075148105621338,
            "count": 51
        },
        "Spy.Environment.Lesson.AdvancedPathFinding.mean": {
            "value": 2.0,
            "min": 0.0,
            "max": 2.0,
            "count": 51
        },
        "Spy.Environment.EpisodeLength.mean": {
            "value": 454.0967741935484,
            "min": 103.88,
            "max": 632.3076923076923,
            "count": 51
        },
        "Spy.Policy.ExtrinsicValueEstimate.mean": {
            "value": 0.1619417369365692,
            "min": 0.09928660094738007,
            "max": 0.4099040925502777,
            "count": 51
        },
        "Spy.Policy.CuriosityValueEstimate.mean": {
            "value": 0.3366343080997467,
            "min": 0.23583246767520905,
            "max": 0.4701085090637207,
            "count": 51
        },
        "Spy.Environment.CumulativeReward.mean": {
            "value": 0.6788444319178187,
            "min": 0.45202422074296256,
            "max": 0.9478207065752058,
            "count": 51
        },
        "Spy.Policy.ExtrinsicReward.mean": {
            "value": 0.6788444319178187,
            "min": 0.45202422074296256,
            "max": 0.9478207065752058,
            "count": 51
        },
        "Spy.Policy.CuriosityReward.mean": {
            "value": 1.5370592746240574,
            "min": 0.2641782910948751,
            "max": 2.3357014985698643,
            "count": 51
        },
        "Spy.Losses.ValueLoss.mean": {
            "value": 0.002072465606033802,
            "min": 0.0014606312615796924,
            "max": 0.4596274197101593,
            "count": 51
        },
        "Spy.Losses.PolicyLoss.mean": {
            "value": 0.4164009690284729,
            "min": 0.3663853108882904,
            "max": 0.47130802273750305,
            "count": 51
        },
        "Spy.Policy.LearningRate.mean": {
            "value": 0.0002545406750869006,
            "min": 0.0002545406750869006,
            "max": 0.00029955385252833366,
            "count": 51
        },
        "Spy.Policy.Epsilon.mean": {
            "value": 0.1848468780517578,
            "min": 0.1848468780517578,
            "max": 0.19985128939151764,
            "count": 51
        },
        "Spy.Policy.Beta.mean": {
            "value": 0.008486204780638218,
            "min": 0.008486204780638218,
            "max": 0.009985142387449741,
            "count": 51
        },
        "Spy.Losses.CuriosityForwardLoss.mean": {
            "value": 0.015760334208607674,
            "min": 0.010836879722774029,
            "max": 0.04680997505784035,
            "count": 51
        },
        "Spy.Losses.CuriosityInverseLoss.mean": {
            "value": 0.01383068785071373,
            "min": 0.00505773164331913,
            "max": 0.09296303242444992,
            "count": 51
        },
        "Spy.IsTraining.mean": {
            "value": 1.0,
            "min": 1.0,
            "max": 1.0,
            "count": 51
        }
    },
    "metadata": {
        "timer_format_version": "0.1.0",
        "start_time_seconds": "1598203520",
        "python_version": "3.8.3 (tags/v3.8.3:6f8c832, May 13 2020, 22:37:02) [MSC v.1924 64 bit (AMD64)]",
        "command_line_arguments": "C:\\Users\\User\\AppData\\Local\\Programs\\Python\\Python38\\Scripts\\mlagents-learn ../config/ppo/spy_config_advanced_pathfinding.yaml --run-id=spy_config_cnn_advanced_pathfinding_04_homo_with_mem_trail_and_free_tiles --initialize-from=spy_config_cnn_advanced_pathfinding_03_homo_with_mem_trail_and_free_tiles",
        "mlagents_version": "0.18.0",
        "mlagents_envs_version": "0.18.0",
        "communication_protocol_version": "1.0.0",
        "tensorflow_version": "2.2.0",
        "end_time_seconds": "1598207193"
    },
    "total": 3673.3868869,
    "count": 1,
    "self": 0.010486399999535934,
    "children": {
        "run_training.setup": {
            "total": 0.005265999999999993,
            "count": 1,
            "self": 0.005265999999999993
        },
        "TrainerController.start_learning": {
            "total": 3673.3711345,
            "count": 1,
            "self": 34.20821929995873,
            "children": {
                "TrainerController._reset_env": {
                    "total": 15.374373100000176,
                    "count": 3,
                    "self": 15.374373100000176
                },
                "TrainerController.advance": {
                    "total": 3621.0718912000416,
                    "count": 91370,
                    "self": 1.8647651000396763,
                    "children": {
                        "env_step": {
                            "total": 3619.207126100002,
                            "count": 91370,
                            "self": 3318.5832996999256,
                            "children": {
                                "SubprocessEnvManager._take_step": {
                                    "total": 299.50144600007457,
                                    "count": 91370,
                                    "self": 4.5780495000416295,
                                    "children": {
                                        "NNPolicy.evaluate": {
                                            "total": 294.92339650003294,
                                            "count": 85450,
                                            "self": 294.92339650003294
                                        }
                                    }
                                },
                                "workers": {
                                    "total": 1.122380400001532,
                                    "count": 91369,
                                    "self": 0.0,
                                    "children": {
                                        "worker_root": {
                                            "total": 3651.00773740001,
                                            "count": 91369,
                                            "is_parallel": true,
                                            "self": 1180.8910743000088,
                                            "children": {
                                                "steps_from_proto": {
                                                    "total": 0.002965799999952168,
                                                    "count": 3,
                                                    "is_parallel": true,
                                                    "self": 0.0004675000001643781,
                                                    "children": {
                                                        "_process_vector_observation": {
                                                            "total": 0.0024982999997877897,
                                                            "count": 12,
                                                            "is_parallel": true,
                                                            "self": 0.0024982999997877897
                                                        }
                                                    }
                                                },
                                                "UnityEnvironment.step": {
                                                    "total": 2470.113697300001,
                                                    "count": 91369,
                                                    "is_parallel": true,
                                                    "self": 9.569621499907498,
                                                    "children": {
                                                        "UnityEnvironment._generate_step_input": {
                                                            "total": 29.482983700040283,