{
    "name": "root",
    "gauges": {
        "Spy.Policy.Entropy.mean": {
            "value": 0.6953885555267334,
            "min": 0.21741034090518951,
            "max": 1.0672212839126587,
            "count": 1982
        },
        "Spy.Environment.Lesson.PathFinding.mean": {
            "value": 0.0,
            "min": 0.0,
            "max": 0.0,
            "count": 1982
        },
        "Spy.Environment.EpisodeLength.mean": {
            "value": 234.1304347826087,
            "min": 90.76446280991736,
            "max": 788.25,
            "count": 1982
        },
        "Spy.Policy.ExtrinsicValueEstimate.mean": {
            "value": 0.3278869390487671,
            "min": -0.33739182353019714,
            "max": 0.9584036469459534,
            "count": 1982
        },
        "Spy.Policy.CuriosityValueEstimate.mean": {
            "value": 0.15925583243370056,
            "min": -0.0786021277308464,
            "max": 0.5819236636161804,
            "count": 1982
        },
        "Spy.Environment.CumulativeReward.mean": {
            "value": 0.6644521631624387,
            "min": -0.5254800400563648,
            "max": 0.9092355312641002,
            "count": 1982
        },
        "Spy.Policy.ExtrinsicReward.mean": {
            "value": 0.6644521631624387,
            "min": -0.5254800400563648,
            "max": 0.9092355312641002,
            "count": 1982
        },
        "Spy.Policy.CuriosityReward.mean": {
            "value": 0.24167994910081766,
            "min": 0.11265101609445226,
            "max": 5.333729337119886,
            "count": 1982
        },
        "Spy.Losses.ValueLoss.mean": {
            "value": 0.0011350872227922082,
            "min": 0.0004653226933442056,
            "max": 1.8920940160751343,
            "count": 1982
        },
        "Spy.Losses.PolicyLoss.mean": {
            "value": 0.06886512786149979,
            "min": 0.06332037597894669,
            "max": 0.1120501309633255,
            "count": 1982
        },
        "Spy.Policy.LearningRate.mean": {
            "value": 7.027753599686548e-05,
            "min": 7.027753599686548e-05,
            "max": 9.999238682212308e-05,
            "count": 1982
        },
        "Spy.Policy.Epsilon.mean": {
            "value": 0.17027750611305237,
            "min": 0.17027750611305237,
            "max": 0.19999240338802338,
            "count": 1982
        },
        "Spy.Policy.Beta.mean": {
            "value": 0.007030722685158253,
            "min": 0.007030722685158253,
            "max": 0.009999239817261696,
            "count": 1982
        },
        "Spy.Losses.CuriosityForwardLoss.mean": {
            "value": 0.004093370400369167,
            "min": 0.0016249691834673285,
            "max": 0.036636028438806534,
            "count": 1982
        },
        "Spy.Losses.CuriosityInverseLoss.mean": {
            "value": 0.0024994073901325464,
            "min": 0.0005245442152954638,
            "max": 0.04672012850642204,
            "count": 1982
        },
        "Spy.IsTraining.mean": {
            "value": 1.0,
            "min": 1.0,
            "max": 1.0,
            "count": 1982
        }
    },
    "metadata": {
        "timer_format_version": "0.1.0",
        "start_time_seconds": "1599126727",
        "python_version": "3.8.3 (tags/v3.8.3:6f8c832, May 13 2020, 22:37:02) [MSC v.1924 64 bit (AMD64)]",
        "command_line_arguments": "C:\\Users\\User\\AppData\\Local\\Programs\\Python\\Python38\\Scripts\\mlagents-learn ../config/ppo/spy_pathfinding_curriculum.yaml --run-id=spy_pathfinding_randomised_02 --initialize-from=spy_pathfinding_randomised",
        "mlagents_version": "0.18.0",
        "mlagents_envs_version": "0.18.0",
        "communication_protocol_version": "1.0.0",
        "tensorflow_version": "2.2.0",
        "end_time_seconds": "1599218599"
    },
    "total": 91869.88588480001,
    "count": 1,
    "self": 0.020938700006809086,
    "children": {
        "run_training.setup": {
            "total": 0.005154999999999799,
            "count": 1,
            "self": 0.005154999999999799
        },
        "TrainerController.start_learning": {
            "total": 91869.8597911,
            "count": 1,
            "self": 548.051743699587,
            "children": {
                "TrainerController._reset_env": {
                    "total": 8.877072199999999,
                    "count": 1,
                    "self": 8.877072199999999
                },
                "TrainerController.advance": {
                    "total": 91311.07549060041,
                    "count": 1330128,
                    "self": 28.71364879985049,
                    "children": {
                        "env_step": {
                            "total": 91282.36184180056,
                            "count": 1330128,
                            "self": 89018.9083217982,
                            "children": {
                                "SubprocessEnvManager._take_step": {
                                    "total": 2247.842272800817,
                                    "count": 1330128,
                                    "self": 59.9489539085198,
                                    "children": {
                                        "NNPolicy.evaluate": {
                                            "total": 2187.8933188922974,
                                            "count": 1101674,
                                            "self": 2187.8933188922974
                                        }
                                    }
                                },
                                "workers": {
                                    "total": 15.611247201552846,
                                    "count": 1330127,
                                    "self": 0.0,
                                    "children": {
                                        "worker_root": {
                                            "total": 91821.77803050539,
                                            "count": 1330127,
                                            "is_parallel": true,
                                            "self": 6049.411431804896,
                                            "children": {
                                                "steps_from_proto": {
                                                    "total": 0.0028877000000004927,
                                                    "count": 1,
                                                    "is_parallel": true,
                                                    "self": 0.00032049999999905765,
                                                    "children": {
                                                        "_process_vector_observation": {
                                                            "total": 0.002567200000001435,
                                                            "count": 4,
                                                            "is_parallel": true,
                                                            "self": 0.002567200000001435
                                                        }
                                                    }
                                                },
                                                "UnityEnvironment.step": {
                                                    "total": 85772.3637110005,
                                                    "count": 1330127,
                                                    "is_parallel": true,
                                                    "self": 214.3711429957766,
                                                    "children": {
                                                        "UnityEnvironment._generate_step_input": {
                                                            "total": 1108.1853477946051,