{
    "name": "root",
    "gauges": {
        "Patrol.Policy.Entropy.mean": {
            "value": 1.1902672052383423,
            "min": 0.5445556640625,
            "max": 1.5576668977737427,
            "count": 291
        },
        "Patrol.Policy.ExtrinsicValueEstimate.mean": {
            "value": 2.3756374503136612e-05,
            "min": -0.19772380590438843,
            "max": 0.0681561678647995,
            "count": 291
        },
        "Patrol.Policy.CuriosityValueEstimate.mean": {
            "value": 0.08895320445299149,
            "min": 0.0867035910487175,
            "max": 5.098690986633301,
            "count": 291
        },
        "Patrol.Losses.ValueLoss.mean": {
            "value": 5.43598725926131e-05,
            "min": 1.427679217158584e-05,
            "max": 9.26041316986084,
            "count": 291
        },
        "Patrol.Losses.PolicyLoss.mean": {
            "value": 0.06775768101215363,
            "min": 0.06367067992687225,
            "max": 0.07518626749515533,
            "count": 291
        },
        "Patrol.Policy.LearningRate.mean": {
            "value": 3.8542162656085566e-05,
            "min": 3.8542162656085566e-05,
            "max": 0.0002995392133016139,
            "count": 291
        },
        "Patrol.Policy.Epsilon.mean": {
            "value": 0.11284736543893814,
            "min": 0.11284736543893814,
            "max": 0.19984640181064606,
            "count": 291
        },
        "Patrol.Policy.Beta.mean": {
            "value": 0.0012934511760249734,
            "min": 0.0012934511760249734,
            "max": 0.009984655305743217,
            "count": 291
        },
        "Patrol.Losses.CuriosityForwardLoss.mean": {
            "value": 0.00706695020198822,
            "min": 0.002149844542145729,
            "max": 0.5052473545074463,
            "count": 291
        },
        "Patrol.Losses.CuriosityInverseLoss.mean": {
            "value": 0.028966467827558517,
            "min": 0.0024866615422070026,
            "max": 5.771955966949463,
            "count": 291
        },
        "Patrol.IsTraining.mean": {
            "value": 1.0,
            "min": 1.0,
            "max": 1.0,
            "count": 291
        },
        "Patrol.Environment.EpisodeLength.mean": {
            "value": 9999.0,
            "min": 9999.0,
            "max": 9999.0,
            "count": 72
        },
        "Patrol.Environment.CumulativeReward.mean": {
            "value": 0.008000000263564289,
            "min": 0.0050000002374872565,
            "max": 0.1050000018440187,
            "count": 144
        },
        "Patrol.Policy.ExtrinsicReward.mean": {
            "value": 0.008000000263564289,
            "min": 0.0050000002374872565,
            "max": 0.1050000018440187,
            "count": 144
        },
        "Patrol.Policy.CuriosityReward.mean": {
            "value": 31.385912703350186,
            "min": 10.737529894337058,
            "max": 520.4027031213045,
            "count": 144
        }
    },
    "metadata": {
        "timer_format_version": "0.1.0",
        "start_time_seconds": "1599354959",
        "python_version": "3.8.3 (tags/v3.8.3:6f8c832, May 13 2020, 22:37:02) [MSC v.1924 64 bit (AMD64)]",
        "command_line_arguments": "C:\\Users\\User\\AppData\\Local\\Programs\\Python\\Python38\\Scripts\\mlagents-learn ../config/ppo/patrol_config.yaml --run-id=patrol",
        "mlagents_version": "0.18.0",
        "mlagents_envs_version": "0.18.0",
        "communication_protocol_version": "1.0.0",
        "tensorflow_version": "2.2.0",
        "end_time_seconds": "1599382068"
    },
    "total": 27109.443028600002,
    "count": 1,
    "self": 0.0038816000014776364,
    "children": {
        "run_training.setup": {
            "total": 0.005107399999999984,
            "count": 1,
            "self": 0.005107399999999984
        },
        "TrainerController.start_learning": {
            "total": 27109.4340396,
            "count": 1,
            "self": 140.3471556995537,
            "children": {
                "TrainerController._reset_env": {
                    "total": 5.8166370999999994,
                    "count": 1,
                    "self": 5.8166370999999994
                },
                "TrainerController.advance": {
                    "total": 26961.567996200443,
                    "count": 728764,
                    "self": 7.500844299851451,
                    "children": {
                        "env_step": {
                            "total": 26954.067151900592,
                            "count": 728764,
                            "self": 25954.502247399476,
                            "children": {
                                "SubprocessEnvManager._take_step": {
                                    "total": 991.0444506992017,
                                    "count": 728764,
                                    "self": 23.604663699535195,
                                    "children": {
                                        "NNPolicy.evaluate": {
                                            "total": 967.4397869996665,
                                            "count": 728764,
                                            "self": 967.4397869996665
                                        }
                                    }
                                },
                                "workers": {
                                    "total": 8.520453801915048,
                                    "count": 728763,
                                    "self": 0.0,
                                    "children": {
                                        "worker_root": {
                                            "total": 27086.26410789862,
                                            "count": 728763,
                                            "is_parallel": true,
                                            "self": 2286.223847198329,
                                            "children": {
                                                "steps_from_proto": {
                                                    "total": 0.000709600000000421,
                                                    "count": 1,
                                                    "is_parallel": true,
                                                    "self": 0.0001598999999989914,
                                                    "children": {
                                                        "_process_vector_observation": {
                                                            "total": 0.0005497000000014296,
                                                            "count": 6,
                                                            "is_parallel": true,
                                                            "self": 0.0005497000000014296
                                                        }
                                                    }
                                                },
                                                "UnityEnvironment.step": {
                                                    "total": 24800.03955110029,
                                                    "count": 728763,
                                                    "is_parallel": true,
                                                    "self": 44.45481070135429,
                                                    "children": {
                                                        "UnityEnvironment._generate_step_input": {
                                                            "total": 165.52578860008379,
                                                            "count": 728763,
                                                            "is_parallel": true,
                                                            "self": 165.52578860008379
                                                        },