{
    "name": "root",
    "gauges": {
        "Patrol.Policy.Entropy.mean": {
            "value": 1.1547690629959106,
            "min": 1.1547690629959106,
            "max": 2.688020706176758,
            "count": 7
        },
        "Patrol.Policy.ExtrinsicValueEstimate.mean": {
            "value": 0.14699184894561768,
            "min": 0.032996125519275665,
            "max": 0.14699184894561768,
            "count": 7
        },
        "Patrol.Losses.ValueLoss.mean": {
            "value": 0.00011029297456843778,
            "min": 3.256472336943261e-05,
            "max": 0.001866167993284762,
            "count": 7
        },
        "Patrol.Losses.PolicyLoss.mean": {
            "value": 0.0746537446975708,
            "min": 0.06622432917356491,
            "max": 0.0746537446975708,
            "count": 7
        },
        "Patrol.Policy.LearningRate.mean": {
            "value": 0.0002941550628747791,
            "min": 0.0002941550628747791,
            "max": 0.00029957375954836607,
            "count": 7
        },
        "Patrol.Policy.Epsilon.mean": {
            "value": 0.19805167615413666,
            "min": 0.19805167615413666,
            "max": 0.1998579204082489,
            "count": 7
        },
        "Patrol.Policy.Beta.mean": {
            "value": 0.009805362671613693,
            "min": 0.009805362671613693,
            "max": 0.009985805489122868,
            "count": 7
        },
        "Patrol.IsTraining.mean": {
            "value": 1.0,
            "min": 1.0,
            "max": 1.0,
            "count": 7
        },
        "Patrol.Environment.EpisodeLength.mean": {
            "value": 1793.2068965517242,
            "min": 643.0,
            "max": 1999.0,
            "count": 5
        },
        "Patrol.Environment.CumulativeReward.mean": {
            "value": 2.8593100302949033,
            "min": 0.24062498880084604,
            "max": 2.8593100302949033,
            "count": 5
        },
        "Patrol.Policy.ExtrinsicReward.mean": {
            "value": 2.8593100302949033,
            "min": 0.24062498880084604,
            "max": 2.8593100302949033,
            "count": 5
        }
    },
    "metadata": {
        "timer_format_version": "0.1.0",
        "start_time_seconds": "1599218876",
        "python_version": "3.8.3 (tags/v3.8.3:6f8c832, May 13 2020, 22:37:02) [MSC v.1924 64 bit (AMD64)]",
        "command_line_arguments": "C:\\Users\\User\\AppData\\Local\\Programs\\Python\\Python38\\Scripts\\mlagents-learn ../config/ppo/patrol_config.yaml --run-id=patrol_randomised",
        "mlagents_version": "0.18.0",
        "mlagents_envs_version": "0.18.0",
        "communication_protocol_version": "1.0.0",
        "tensorflow_version": "2.2.0",
        "end_time_seconds": "1599219401"
    },
    "total": 524.2012679000001,
    "count": 1,
    "self": 0.003970800000047348,
    "children": {
        "run_training.setup": {
            "total": 0.0071896999999996325,
            "count": 1,
            "self": 0.0071896999999996325
        },
        "TrainerController.start_learning": {
            "total": 524.1901074,
            "count": 1,
            "self": 3.461723000000461,
            "children": {
                "TrainerController._reset_env": {
                    "total": 7.705349999999999,
                    "count": 1,
                    "self": 7.705349999999999
                },
                "TrainerController.advance": {
                    "total": 511.66945469999945,
                    "count": 6837,
                    "self": 0.08026479999904268,
                    "children": {
                        "env_step": {
                            "total": 511.5891899000004,
                            "count": 6837,
                            "self": 498.72338070000313,
                            "children": {
                                "SubprocessEnvManager._take_step": {
                                    "total": 12.785405999999082,
                                    "count": 6837,
                                    "self": 0.3070094999995394,
                                    "children": {
                                        "NNPolicy.evaluate": {
                                            "total": 12.478396499999542,
                                            "count": 6834,
                                            "self": 12.478396499999542
                                        }
                                    }
                                },
                                "workers": {
                                    "total": 0.08040319999818557,
                                    "count": 6836,
                                    "self": 0.0,
                                    "children": {
                                        "worker_root": {
                                            "total": 514.4638616999985,
                                            "count": 6836,
                                            "is_parallel": true,
                                            "self": 36.90027189999705,
                                            "children": {
                                                "steps_from_proto": {
                                                    "total": 0.0033616000000007418,
                                                    "count": 1,
                                                    "is_parallel": true,
                                                    "self": 0.00039530000000009835,
                                                    "children": {
                                                        "_process_vector_observation": {
                                                            "total": 0.0029663000000006434,
                                                            "count": 6,
                                                            "is_parallel": true,
                                                            "self": 0.0029663000000006434
                                                        }
                                                    }
                                                },
                                                "UnityEnvironment.step": {
                                                    "total": 477.5602282000014,
                                                    "count": 6836,
                                                    "is_parallel": true,
                                                    "self": 1.035490900001946,
                                                    "children": {
                                                        "UnityEnvironment._generate_step_input": {
                                                            "total": 4.6524038000028245,
                                                            "count": 6836,
                                                            "is_parallel": true,
                                                            "self": 4.6524038000028245
                                                        },
                                                        "communicator.exchange": {
                                                            "total": 459.1375028999991,
                                                            "count": 6836,
                                                            "is_parallel": true,
                                                            "self": 459.1375028999991
                                                        },
                                                        "steps_from_proto": {
                                                            "total": 12.734830599997515,
                                                            "count": 6836,
                                                            "is_parallel": true,