{
    "name": "root",
    "gauges": {
        "Patrol.Policy.Entropy.mean": {
            "value": 0.3700379431247711,
            "min": 0.3086058497428894,
            "max": 1.4099996089935303,
            "count": 42
        },
        "Patrol.Policy.ExtrinsicValueEstimate.mean": {
            "value": 0.005571851506829262,
            "min": -0.030639532953500748,
            "max": 0.008015051484107971,
            "count": 42
        },
        "Patrol.Losses.ValueLoss.mean": {
            "value": 2.4783967091934755e-06,
            "min": 1.9551700347619771e-07,
            "max": 0.0007116729975678027,
            "count": 42
        },
        "Patrol.Losses.PolicyLoss.mean": {
            "value": 0.07012806832790375,
            "min": 0.06575851142406464,
            "max": 0.07369734346866608,
            "count": 42
        },
        "Patrol.Policy.LearningRate.mean": {
            "value": 0.0002599450235720724,
            "min": 0.0002599450235720724,
            "max": 0.00029659009305760264,
            "count": 42
        },
        "Patrol.Policy.Epsilon.mean": {
            "value": 0.18664832413196564,
            "min": 0.18664832413196564,
            "max": 0.19886335730552673,
            "count": 42
        },
        "Patrol.Policy.Beta.mean": {
            "value": 0.00866616703569889,
            "min": 0.00866616703569889,
            "max": 0.009886449202895164,
            "count": 42
        },
        "Patrol.IsTraining.mean": {
            "value": 1.0,
            "min": 1.0,
            "max": 1.0,
            "count": 42
        },
        "Patrol.Environment.EpisodeLength.mean": {
            "value": 4999.0,
            "min": 4999.0,
            "max": 4999.0,
            "count": 20
        },
        "Patrol.Environment.CumulativeReward.mean": {
            "value": 0.2159166727118039,
            "min": 0.015166666960188499,
            "max": 0.2720000077097211,
            "count": 20
        },
        "Patrol.Policy.ExtrinsicReward.mean": {
            "value": 0.2159166727118039,
            "min": 0.015166666960188499,
            "max": 0.2720000077097211,
            "count": 20
        }
    },
    "metadata": {
        "timer_format_version": "0.1.0",
        "start_time_seconds": "1599391224",
        "python_version": "3.8.3 (tags/v3.8.3:6f8c832, May 13 2020, 22:37:02) [MSC v.1924 64 bit (AMD64)]",
        "command_line_arguments": "C:\\Users\\User\\AppData\\Local\\Programs\\Python\\Python38\\Scripts\\mlagents-learn ../config/ppo/patrol_config.yaml --run-id=patrol_pathfinding --resume",
        "mlagents_version": "0.18.0",
        "mlagents_envs_version": "0.18.0",
        "communication_protocol_version": "1.0.0",
        "tensorflow_version": "2.2.0",
        "end_time_seconds": "1599395654"
    },
    "total": 4429.368108600001,
    "count": 1,
    "self": 0.004027200000564335,
    "children": {
        "run_training.setup": {
            "total": 0.004867299999999908,
            "count": 1,
            "self": 0.004867299999999908
        },
        "TrainerController.start_learning": {
            "total": 4429.3592141,
            "count": 1,
            "self": 20.565328499975294,
            "children": {
                "TrainerController._reset_env": {
                    "total": 3.4532229,
                    "count": 1,
                    "self": 3.4532229
                },
                "TrainerController.advance": {
                    "total": 4404.305071900026,
                    "count": 104184,
                    "self": 0.9720517999649019,
                    "children": {
                        "env_step": {
                            "total": 4403.333020100061,
                            "count": 104184,
                            "self": 4261.312689600125,
                            "children": {
                                "SubprocessEnvManager._take_step": {
                                    "total": 140.83709429996884,
                                    "count": 104184,
                                    "self": 2.9823030999532705,
                                    "children": {
                                        "NNPolicy.evaluate": {
                                            "total": 137.85479120001557,
                                            "count": 104184,
                                            "self": 137.85479120001557
                                        }
                                    }
                                },
                                "workers": {
                                    "total": 1.1832361999668333,
                                    "count": 104183,
                                    "self": 0.0,
                                    "children": {
                                        "worker_root": {
                                            "total": 4422.09246720005,
                                            "count": 104183,
                                            "is_parallel": true,
                                            "self": 301.3379715000474,
                                            "children": {
                                                "steps_from_proto": {
                                                    "total": 0.0008383999999996838,
                                                    "count": 1,
                                                    "is_parallel": true,
                                                    "self": 0.00018420000000052283,
                                                    "children": {
                                                        "_process_vector_observation": {
                                                            "total": 0.000654199999999161,
                                                            "count": 6,
                                                            "is_parallel": true,
                                                            "self": 0.000654199999999161
                                                        }
                                                    }
                                                },
                                                "UnityEnvironment.step": {
                                                    "total": 4120.7536573000025,
                                                    "count": 104183,
                                                    "is_parallel": true,
                                                    "self": 6.937499900088369,
                                                    "children": {
                                                        "UnityEnvironment._generate_step_input": {
                                                            "total": 24.61643959987455,
                                                            "count": 104183,
                                                            "is_parallel": true,
                                                            "self": 24.61643959987455
                                                        },
                                                        "communicator.exchange": {
                                                            "total": 4028.28084179995,
                                                            "count": 104183,
                                                            "is_parallel": true,
                                                            "self": 4028.28084179995
                                                        },
                                                        "steps_from_proto": {
                                                            "total": 60.918876000089895,
                                                            "count": 104183,
                                                            "is_parallel": true,