{
    "name": "root",
    "gauges": {
        "Patrol.Policy.Entropy.mean": {
            "value": 0.42760413885116577,
            "min": 0.42760413885116577,
            "max": 0.42760413885116577,
            "count": 1
        },
        "Patrol.Policy.ExtrinsicValueEstimate.mean": {
            "value": 0.0777115672826767,
            "min": 0.0777115672826767,
            "max": 0.0777115672826767,
            "count": 1
        },
        "Patrol.Environment.EpisodeLength.mean": {
            "value": 999.0,
            "min": 999.0,
            "max": 999.0,
            "count": 1
        },
        "Patrol.Environment.CumulativeReward.mean": {
            "value": 0.5973683902503628,
            "min": 0.5973683902503628,
            "max": 0.5973683902503628,
            "count": 1
        },
        "Patrol.Policy.ExtrinsicReward.mean": {
            "value": 0.5973683902503628,
            "min": 0.5973683902503628,
            "max": 0.5973683902503628,
            "count": 1
        },
        "Patrol.Losses.ValueLoss.mean": {
            "value": 0.00017121680139098316,
            "min": 0.00017121680139098316,
            "max": 0.00017121680139098316,
            "count": 1
        },
        "Patrol.Losses.PolicyLoss.mean": {
            "value": 0.06731928139925003,
            "min": 0.06731928139925003,
            "max": 0.06731928139925003,
            "count": 1
        },
        "Patrol.Policy.LearningRate.mean": {
            "value": 0.0002777553163468838,
            "min": 0.0002777553163468838,
            "max": 0.0002777553163468838,
            "count": 1
        },
        "Patrol.Policy.Epsilon.mean": {
            "value": 0.19258509576320648,
            "min": 0.19258509576320648,
            "max": 0.19258509576320648,
            "count": 1
        },
        "Patrol.Policy.Beta.mean": {
            "value": 0.009259250946342945,
            "min": 0.009259250946342945,
            "max": 0.009259250946342945,
            "count": 1
        },
        "Patrol.IsTraining.mean": {
            "value": 1.0,
            "min": 1.0,
            "max": 1.0,
            "count": 1
        }
    },
    "metadata": {
        "timer_format_version": "0.1.0",
        "start_time_seconds": "1599301193",
        "python_version": "3.8.3 (tags/v3.8.3:6f8c832, May 13 2020, 22:37:02) [MSC v.1924 64 bit (AMD64)]",
        "command_line_arguments": "C:\\Users\\User\\AppData\\Local\\Programs\\Python\\Python38\\Scripts\\mlagents-learn ../config/ppo/patrol_config.yaml --run-id=patrol_no_rotation --resume",
        "mlagents_version": "0.18.0",
        "mlagents_envs_version": "0.18.0",
        "communication_protocol_version": "1.0.0",
        "tensorflow_version": "2.2.0",
        "end_time_seconds": "1599301397"
    },
    "total": 203.9817535,
    "count": 1,
    "self": 0.0035624999999868123,
    "children": {
        "run_training.setup": {
            "total": 0.005098099999999883,
            "count": 1,
            "self": 0.005098099999999883
        },
        "TrainerController.start_learning": {
            "total": 203.9730929,
            "count": 1,
            "self": 5.313474400002576,
            "children": {
                "TrainerController._reset_env": {
                    "total": 6.5152919,
                    "count": 1,
                    "self": 6.5152919
                },
                "TrainerController.advance": {
                    "total": 191.04536949999746,
                    "count": 23340,
                    "self": 0.19824719999598983,
                    "children": {
                        "env_step": {
                            "total": 190.84712230000147,
                            "count": 23340,
                            "self": 163.31939770000162,
                            "children": {
                                "SubprocessEnvManager._take_step": {
                                    "total": 27.296527299999028,
                                    "count": 23340,
                                    "self": 0.5397138999988798,
                                    "children": {
                                        "NNPolicy.evaluate": {
                                            "total": 26.756813400000148,
                                            "count": 23340,
                                            "self": 26.756813400000148
                                        }
                                    }
                                },
                                "workers": {
                                    "total": 0.23119730000083294,
                                    "count": 23339,
                                    "self": 0.0,
                                    "children": {
                                        "worker_root": {
                                            "total": 195.45969679999962,
                                            "count": 23339,
                                            "is_parallel": true,
                                            "self": 48.87194909999971,
                                            "children": {
                                                "steps_from_proto": {
                                                    "total": 0.00031740000000013424,
                                                    "count": 1,
                                                    "is_parallel": true,
                                                    "self": 0.00012279999999975644,
                                                    "children": {
                                                        "_process_vector_observation": {
                                                            "total": 0.0001946000000003778,
                                                            "count": 6,
                                                            "is_parallel": true,
                                                            "self": 0.0001946000000003778
                                                        }
                                                    }
                                                },
                                                "UnityEnvironment.step": {
                                                    "total": 146.5874302999999,
                                                    "count": 23339,
                                                    "is_parallel": true,
                                                    "self": 1.0324798000016813,
                                                    "children": {
                                                        "UnityEnvironment._generate_step_input": {
                                                            "total": 1.8404467999971361,
                                                            "count": 23339,
                                                            "is_parallel": true,
                                                            "self": 1.8404467999971361
                                                        },
                                                        "communicator.exchange": {
                                                            "total": 138.6023730000015,
                                                            "count": 23339,
                                                            "is_parallel": true,
                                                            "self": 138.6023730000015
                                                        },
                                                        "steps_from_proto": {
                                                            "total": 5.1121306999995895,
                                                            "count": 23339,
                                                            "is_parallel": true,