{
    "name": "root",
    "gauges": {
        "Patrol.Policy.Entropy.mean": {
            "value": 1.1690515279769897,
            "min": 0.7992114424705505,
            "max": 2.6425042152404785,
            "count": 209
        },
        "Patrol.Policy.ExtrinsicValueEstimate.mean": {
            "value": -0.005914274137467146,
            "min": -0.051585063338279724,
            "max": 0.03200580179691315,
            "count": 209
        },
        "Patrol.Policy.CuriosityValueEstimate.mean": {
            "value": 0.4928397834300995,
            "min": 0.16965526342391968,
            "max": 9.066269874572754,
            "count": 209
        },
        "Patrol.Losses.ValueLoss.mean": {
            "value": 0.040351223200559616,
            "min": 7.558824290754274e-05,
            "max": 8.796226501464844,
            "count": 209
        },
        "Patrol.Losses.PolicyLoss.mean": {
            "value": 0.06767778098583221,
            "min": 0.0644223690032959,
            "max": 0.07500531524419785,
            "count": 209
        },
        "Patrol.Policy.LearningRate.mean": {
            "value": 0.00011233927216380835,
            "min": 0.00011233927216380835,
            "max": 0.0002995392133016139,
            "count": 209
        },
        "Patrol.Policy.Epsilon.mean": {
            "value": 0.13744638860225677,
            "min": 0.13744638860225677,
            "max": 0.19984640181064606,
            "count": 209
        },
        "Patrol.Policy.Beta.mean": {
            "value": 0.003750895382836461,
            "min": 0.003750895382836461,
            "max": 0.009984655305743217,
            "count": 209
        },
        "Patrol.Losses.CuriosityForwardLoss.mean": {
            "value": 0.04734465852379799,
            "min": 0.019456898793578148,
            "max": 0.627433180809021,
            "count": 209
        },
        "Patrol.Losses.CuriosityInverseLoss.mean": {
            "value": 0.06903611868619919,
            "min": 0.015432430431246758,
            "max": 3.9069037437438965,
            "count": 209
        },
        "Patrol.IsTraining.mean": {
            "value": 1.0,
            "min": 1.0,
            "max": 1.0,
            "count": 209
        },
        "Patrol.Environment.EpisodeLength.mean": {
            "value": 9999.0,
            "min": 9999.0,
            "max": 9999.0,
            "count": 52
        },
        "Patrol.Environment.CumulativeReward.mean": {
            "value": -0.8958997915033251,
            "min": -0.9617997807217762,
            "max": -0.6026998378802091,
            "count": 104
        },
        "Patrol.Policy.ExtrinsicReward.mean": {
            "value": -0.8958997915033251,
            "min": -0.9617997807217762,
            "max": -0.6026998378802091,
            "count": 104
        },
        "Patrol.Policy.CuriosityReward.mean": {
            "value": 68.36193785443902,
            "min": 20.88652392476797,
            "max": 603.4361951296979,
            "count": 104
        }
    },
    "metadata": {
        "timer_format_version": "0.1.0",
        "start_time_seconds": "1599334823",
        "python_version": "3.8.3 (tags/v3.8.3:6f8c832, May 13 2020, 22:37:02) [MSC v.1924 64 bit (AMD64)]",
        "command_line_arguments": "C:\\Users\\User\\AppData\\Local\\Programs\\Python\\Python38\\Scripts\\mlagents-learn ../config/ppo/patrol_config.yaml --run-id=patrol_large_max_step_w_rotation_w_pun_curr_2",
        "mlagents_version": "0.18.0",
        "mlagents_envs_version": "0.18.0",
        "communication_protocol_version": "1.0.0",
        "tensorflow_version": "2.2.0",
        "end_time_seconds": "1599354620"
    },
    "total": 19797.2680091,
    "count": 1,
    "self": 0.003854700000374578,
    "children": {
        "run_training.setup": {
            "total": 0.00529999999999986,
            "count": 1,
            "self": 0.00529999999999986
        },
        "TrainerController.start_learning": {
            "total": 19797.2588544,
            "count": 1,
            "self": 104.94184370062794,
            "children": {
                "TrainerController._reset_env": {
                    "total": 5.495900600000001,
                    "count": 1,
                    "self": 5.495900600000001
                },
                "TrainerController.advance": {
                    "total": 19684.840633699372,
                    "count": 523030,
                    "self": 5.400144399791316,
                    "children": {
                        "env_step": {
                            "total": 19679.44048929958,
                            "count": 523030,
                            "self": 18821.215617999103,
                            "children": {
                                "SubprocessEnvManager._take_step": {
                                    "total": 852.0239091005501,
                                    "count": 523030,
                                    "self": 17.431525600333316,
                                    "children": {
                                        "NNPolicy.evaluate": {
                                            "total": 834.5923835002168,
                                            "count": 523030,
                                            "self": 834.5923835002168
                                        }
                                    }
                                },
                                "workers": {
                                    "total": 6.200962199928252,
                                    "count": 523029,
                                    "self": 0.0,
                                    "children": {
                                        "worker_root": {
                                            "total": 19778.8591400994,
                                            "count": 523029,
                                            "is_parallel": true,
                                            "self": 1807.5033961989175,
                                            "children": {
                                                "steps_from_proto": {
                                                    "total": 0.0006779999999997344,
                                                    "count": 1,
                                                    "is_parallel": true,
                                                    "self": 0.00015729999999880562,
                                                    "children": {
                                                        "_process_vector_observation": {
                                                            "total": 0.0005207000000009288,
                                                            "count": 6,
                                                            "is_parallel": true,
                                                            "self": 0.0005207000000009288
                                                        }
                                                    }
                                                },
                                                "UnityEnvironment.step": {
                                                    "total": 17971.355065900483,
                                                    "count": 523029,
                                                    "is_parallel": true,
                                                    "self": 31.55306499981816,
                                                    "children": {
                                                        "UnityEnvironment._generate_step_input": {
                                                            "total": 122.63599780012882,
                                                            "count": 523029,
                                                            "is_parallel": true,