{
    "name": "root",
    "gauges": {
        "Patrol.Policy.Entropy.mean": {
            "value": 0.3719988763332367,
            "min": 0.18411923944950104,
            "max": 0.6601054072380066,
            "count": 41
        },
        "Patrol.Policy.ExtrinsicValueEstimate.mean": {
            "value": 0.0048639215528965,
            "min": 0.002464194316416979,
            "max": 0.00620547030121088,
            "count": 41
        },
        "Patrol.Losses.ValueLoss.mean": {
            "value": 6.202618010320293e-07,
            "min": 4.2542313849480706e-07,
            "max": 4.990713932784274e-05,
            "count": 41
        },
        "Patrol.Losses.PolicyLoss.mean": {
            "value": 0.06718365103006363,
            "min": 0.06373097002506256,
            "max": 0.07287924736738205,
            "count": 41
        },
        "Patrol.Policy.LearningRate.mean": {
            "value": 0.00026353923021815717,
            "min": 0.00026353923021815717,
            "max": 0.0002995392133016139,
            "count": 41
        },
        "Patrol.Policy.Epsilon.mean": {
            "value": 0.18784639239311218,
            "min": 0.18784639239311218,
            "max": 0.19984640181064606,
            "count": 41
        },
        "Patrol.Policy.Beta.mean": {
            "value": 0.008785855025053024,
            "min": 0.008785855025053024,
            "max": 0.009984655305743217,
            "count": 41
        },
        "Patrol.IsTraining.mean": {
            "value": 1.0,
            "min": 1.0,
            "max": 1.0,
            "count": 41
        },
        "Patrol.Environment.EpisodeLength.mean": {
            "value": 4999.0,
            "min": 4999.0,
            "max": 4999.0,
            "count": 20
        },
        "Patrol.Environment.CumulativeReward.mean": {
            "value": 0.25100000866223127,
            "min": 0.06900000141467899,
            "max": 0.25100000866223127,
            "count": 40
        },
        "Patrol.Policy.ExtrinsicReward.mean": {
            "value": 0.25100000866223127,
            "min": 0.06900000141467899,
            "max": 0.25100000866223127,
            "count": 40
        }
    },
    "metadata": {
        "timer_format_version": "0.1.0",
        "start_time_seconds": "1599395699",
        "python_version": "3.8.3 (tags/v3.8.3:6f8c832, May 13 2020, 22:37:02) [MSC v.1924 64 bit (AMD64)]",
        "command_line_arguments": "C:\\Users\\User\\AppData\\Local\\Programs\\Python\\Python38\\Scripts\\mlagents-learn ../config/ppo/patrol_config.yaml --run-id=patrol_pathfinding_2 --initialize-from=patrol_pathfinding",
        "mlagents_version": "0.18.0",
        "mlagents_envs_version": "0.18.0",
        "communication_protocol_version": "1.0.0",
        "tensorflow_version": "2.2.0",
        "end_time_seconds": "1599399513"
    },
    "total": 3814.3324398,
    "count": 1,
    "self": 0.0037158999998609943,
    "children": {
        "run_training.setup": {
            "total": 0.005321399999999921,
            "count": 1,
            "self": 0.005321399999999921
        },
        "TrainerController.start_learning": {
            "total": 3814.3234025,
            "count": 1,
            "self": 21.5160096000036,
            "children": {
                "TrainerController._reset_env": {
                    "total": 5.0738848,
                    "count": 1,
                    "self": 5.0738848
                },
                "TrainerController.advance": {
                    "total": 3786.6966369999964,
                    "count": 103174,
                    "self": 1.0292230999780259,
                    "children": {
                        "env_step": {
                            "total": 3785.6674139000183,
                            "count": 103174,
                            "self": 3651.884972100084,
                            "children": {
                                "SubprocessEnvManager._take_step": {
                                    "total": 132.62031589993268,
                                    "count": 103174,
                                    "self": 3.239889999869291,
                                    "children": {
                                        "NNPolicy.evaluate": {
                                            "total": 129.3804259000634,
                                            "count": 103174,
                                            "self": 129.3804259000634
                                        }
                                    }
                                },
                                "workers": {
                                    "total": 1.1621259000017226,
                                    "count": 103173,
                                    "self": 0.0,
                                    "children": {
                                        "worker_root": {
                                            "total": 3805.750506399925,
                                            "count": 103173,
                                            "is_parallel": true,
                                            "self": 293.9493169999573,
                                            "children": {
                                                "steps_from_proto": {
                                                    "total": 0.0006655999999995998,
                                                    "count": 1,
                                                    "is_parallel": true,
                                                    "self": 0.00015019999999843492,
                                                    "children": {
                                                        "_process_vector_observation": {
                                                            "total": 0.0005154000000011649,
                                                            "count": 6,
                                                            "is_parallel": true,
                                                            "self": 0.0005154000000011649
                                                        }
                                                    }
                                                },
                                                "UnityEnvironment.step": {
                                                    "total": 3511.800523799968,
                                                    "count": 103173,
                                                    "is_parallel": true,
                                                    "self": 6.089365499979067,
                                                    "children": {
                                                        "UnityEnvironment._generate_step_input": {
                                                            "total": 22.857149200042674,
                                                            "count": 103173,
                                                            "is_parallel": true,
                                                            "self": 22.857149200042674
                                                        },
                                                        "communicator.exchange": {
                                                            "total": 3423.6629631999594,
                                                            "count": 103173,
                                                            "is_parallel": true,
                                                            "self": 3423.6629631999594
                                                        },
                                                        "steps_from_proto": {
                                                            "total": 59.19104589998661,
                                                            "count": 103173,
                                                            "is_parallel": true,